Geo Point,Zona_Num_N,y_coord,x_coord,Point_CG
"4.96182768278, -74.4839713826",812,4.96182768262,-74.4839713826,"4.96182768262,-74.4839713826"
,808,4.6989580555,-73.9219270317,"4.6989580555,-73.9219270317"
,803,4.77444455014,-74.2585740836,"4.77444455014,-74.2585740836"
"4.62382899473, -74.2180577773",559,4.62382899457,-74.2180577773,"4.62382899457,-74.2180577773"
"4.79992899763, -74.0704548132",1,4.79992899747,-74.0704548132,"4.79992899747,-74.0704548132"
"4.71535570144, -74.1385753961",194,4.71535570129,-74.1385753961,"4.71535570129,-74.1385753961"
"4.6984985623, -74.1249333981",197,4.69849856215,-74.1249333981,"4.69849856215,-74.1249333981"
"4.6807292819, -74.1175577318",302,4.68072928174,-74.1175577318,"4.68072928174,-74.1175577318"
"4.75630558834, -74.1127354188",36,4.75630558818,-74.1127354188,"4.75630558818,-74.1127354188"
"4.72402495217, -74.0485848857",69,4.72402495202,-74.0485848857,"4.72402495202,-74.0485848857"
"4.72043560292, -74.0441898749",71,4.72043560276,-74.0441898749,"4.72043560276,-74.0441898749"
"4.70325071143, -74.1063326689",185,4.70325071127,-74.1063326689,"4.70325071127,-74.1063326689"
"4.72098382343, -74.0942186714",103,4.72098382327,-74.0942186714,"4.72098382327,-74.0942186714"
"4.70484805115, -74.0964457488",129,4.704848051,-74.0964457488,"4.704848051,-74.0964457488"
"4.57134972806, -74.1849837207",772,4.57134972791,-74.1849837207,"4.57134972791,-74.1849837207"
"4.5746524908, -74.1792618698",769,4.57465249065,-74.1792618698,"4.57465249065,-74.1792618698"
"4.57878423126, -74.2059984454",777,4.57878423111,-74.2059984454,"4.57878423111,-74.2059984454"
"4.58237668586, -74.1760386871",623,4.58237668571,-74.1760386871,"4.58237668571,-74.1760386871"
"4.64857301663, -74.1949503783",555,4.64857301648,-74.1949503783,"4.64857301648,-74.1949503783"
"4.61557438705, -74.1799522297",548,4.6155743869,-74.1799522297,"4.6155743869,-74.1799522297"
"4.62280885548, -74.1856091418",550,4.62280885533,-74.1856091418,"4.62280885533,-74.1856091418"
"4.62787782709, -74.1816490424",551,4.62787782694,-74.1816490424,"4.62787782694,-74.1816490424"
"4.54751839246, -74.2337110279",789,4.54751839231,-74.2337110279,"4.54751839231,-74.2337110279"
"4.59610990508, -74.2015525696",765,4.59610990493,-74.2015525696,"4.59610990493,-74.2015525696"
"4.59696443227, -74.0638607202",479,4.59696443212,-74.0638607202,"4.59696443212,-74.0638607202"
"4.65273056191, -74.0550069151",253,4.65273056176,-74.0550069151,"4.65273056176,-74.0550069151"
"4.64574944778, -74.0556426334",251,4.64574944763,-74.0556426334,"4.64574944763,-74.0556426334"
"4.59412385804, -74.0707402707",475,4.59412385789,-74.0707402707,"4.59412385789,-74.0707402707"
"4.60846038926, -74.064655588",350,4.60846038911,-74.064655588,"4.60846038911,-74.064655588"
"4.68408900854, -74.0401431872",151,4.68408900839,-74.0401431872,"4.68408900839,-74.0401431872"
"4.57885445028, -74.0729102429",490,4.57885445013,-74.0729102429,"4.57885445013,-74.0729102429"
"4.57317093405, -74.0716762223",493,4.5731709339,-74.0716762223,"4.5731709339,-74.0716762223"
"4.58660806988, -74.1772195043",622,4.58660806973,-74.1772195043,"4.58660806973,-74.1772195043"
"4.58407211778, -74.154509754",620,4.58407211762,-74.154509754,"4.58407211762,-74.154509754"
"4.59222030984, -74.1577920226",572,4.59222030969,-74.1577920226,"4.59222030969,-74.1577920226"
"4.56146242747, -74.1279792412",677,4.56146242732,-74.1279792412,"4.56146242732,-74.1279792412"
"4.59292007711, -74.0996398416",437,4.59292007696,-74.0996398416,"4.59292007696,-74.0996398416"
"4.59729077084, -74.1025336489",436,4.59729077069,-74.1025336489,"4.59729077069,-74.1025336489"
"4.55516555197, -74.1193011598",679,4.55516555182,-74.1193011598,"4.55516555182,-74.1193011598"
"4.596489587, -74.110747419",505,4.59648958685,-74.110747419,"4.59648958685,-74.110747419"
"4.58636162154, -74.1206520591",583,4.58636162139,-74.1206520591,"4.58636162139,-74.1206520591"
"4.5296444265, -74.0839731606",696,4.52964442635,-74.0839731606,"4.52964442635,-74.0839731606"
"4.49133876036, -74.1066025848",760,4.49133876021,-74.1066025848,"4.49133876021,-74.1066025848"
"4.53906756719, -74.1065978219",684,4.53906756704,-74.1065978219,"4.53906756704,-74.1065978219"
"4.53048882034, -74.1179394511",731,4.53048882019,-74.1179394511,"4.53048882019,-74.1179394511"
"4.55664686698, -74.0933552619",642,4.55664686683,-74.0933552619,"4.55664686683,-74.0933552619"
"4.54187191172, -74.1401440819",727,4.54187191157,-74.1401440819,"4.54187191157,-74.1401440819"
"4.54922376449, -74.0789479717",646,4.54922376434,-74.0789479717,"4.54922376434,-74.0789479717"
"4.55885578474, -74.086839654",598,4.55885578459,-74.086839654,"4.55885578459,-74.086839654"
"4.5555239385, -74.0955305157",972,4.55552393835,-74.0955305157,"4.55552393835,-74.0955305157"
"4.65526274952, -74.1265023153",955,4.65526274936,-74.1265023153,"4.65526274936,-74.1265023153"
"4.65258466242, -74.1318963818",392,4.65258466227,-74.1318963818,"4.65258466227,-74.1318963818"
"4.67703444986, -74.1520845389",403,4.67703444971,-74.1520845389,"4.67703444971,-74.1520845389"
"4.65272279523, -74.0654961656",239,4.65272279508,-74.0654961656,"4.65272279508,-74.0654961656"
"4.64799815867, -74.1199658914",324,4.64799815852,-74.1199658914,"4.64799815852,-74.1199658914"
"4.62798283555, -74.1534805858",417,4.6279828354,-74.1534805858,"4.6279828354,-74.1534805858"
"4.65768102698, -74.1096967114",322,4.65768102683,-74.1096967114,"4.65768102683,-74.1096967114"
"4.66607946699, -74.1155366242",320,4.66607946684,-74.1155366242,"4.66607946684,-74.1155366242"
"4.65299828525, -74.0710781061",237,4.6529982851,-74.0710781061,"4.6529982851,-74.0710781061"
"4.64450605382, -74.0588953814",274,4.64450605366,-74.0588953814,"4.64450605366,-74.0588953814"
"4.63811752533, -74.0779415344",288,4.63811752517,-74.0779415344,"4.63811752517,-74.0779415344"
"4.63583821553, -74.06524738",276,4.63583821538,-74.06524738,"4.63583821538,-74.06524738"
"4.63449044393, -74.1226425104",385,4.63449044378,-74.1226425104,"4.63449044378,-74.1226425104"
"4.64547092664, -74.1006863098",327,4.64547092649,-74.1006863098,"4.64547092649,-74.1006863098"
"4.64918523511, -74.0795876194",291,4.64918523496,-74.0795876194,"4.64918523496,-74.0795876194"
"4.64347010947, -74.0941664317",294,4.64347010932,-74.0941664317,"4.64347010932,-74.0941664317"
"4.63139068211, -74.1160563825",384,4.63139068195,-74.1160563825,"4.63139068195,-74.1160563825"
"4.61069170704, -74.1068631123",372,4.61069170688,-74.1068631123,"4.61069170688,-74.1068631123"
"4.61811625018, -74.1150591885",377,4.61811625003,-74.1150591885,"4.61811625003,-74.1150591885"
"4.6021714379, -74.1139422802",506,4.60217143775,-74.1139422802,"4.60217143775,-74.1139422802"
"4.59781034058, -74.1425272896",539,4.59781034042,-74.1425272896,"4.59781034042,-74.1425272896"
"4.62800153751, -74.0975830838",332,4.62800153736,-74.0975830838,"4.62800153736,-74.0975830838"
"4.5972112231, -74.116318054",508,4.59721122294,-74.116318054,"4.59721122294,-74.116318054"
"4.61021207801, -74.1373513529",519,4.61021207785,-74.1373513529,"4.61021207785,-74.1373513529"
"4.59257670059, -74.127202966",579,4.59257670044,-74.127202966,"4.59257670044,-74.127202966"
"4.67350581766, -74.1569310975",402,4.67350581751,-74.1569310975,"4.67350581751,-74.1569310975"
"4.67747802413, -74.1311854217",307,4.67747802397,-74.1311854217,"4.67747802397,-74.1311854217"
"4.62813620809, -74.057871172",270,4.62813620794,-74.057871172,"4.62813620794,-74.057871172"
"4.6173644577, -74.0641252502",348,4.61736445755,-74.0641252502,"4.61736445755,-74.0641252502"
"4.61853137794, -74.0728257376",356,4.61853137779,-74.0728257376,"4.61853137779,-74.0728257376"
"4.62516156593, -74.0810163069",338,4.62516156577,-74.0810163069,"4.62516156577,-74.0810163069"
"4.68618001882, -74.0703974413",172,4.68618001867,-74.0703974413,"4.68618001867,-74.0703974413"
"4.67369358933, -74.1015186021",211,4.67369358918,-74.1015186021,"4.67369358918,-74.1015186021"
"4.67943647403, -74.080511525",175,4.67943647387,-74.080511525,"4.67943647387,-74.080511525"
"4.6774252132, -74.0990101638",210,4.67742521304,-74.0990101638,"4.67742521304,-74.0990101638"
"4.70815939521, -74.102185021",124,4.70815939506,-74.102185021,"4.70815939506,-74.102185021"
"4.67301138809, -74.0181337572",159,4.67301138793,-74.0181337572,"4.67301138793,-74.0181337572"
"4.7470653128, -74.0420786193",52,4.74706531265,-74.0420786193,"4.74706531265,-74.0420786193"
"4.73561583023, -74.0352626127",61,4.73561583008,-74.0352626127,"4.73561583008,-74.0352626127"
"4.73492482817, -74.0280380621",59,4.73492482801,-74.0280380621,"4.73492482801,-74.0280380621"
"4.74631793665, -74.1174486168",116,4.7463179365,-74.1174486168,"4.7463179365,-74.1174486168"
"4.74089213042, -74.1049925761",111,4.74089213026,-74.1049925761,"4.74089213026,-74.1049925761"
"4.74183662931, -74.0934151638",108,4.74183662915,-74.0934151638,"4.74183662915,-74.0934151638"
"4.59971600468, -74.1727459191",946,4.59971600453,-74.1727459191,"4.59971600453,-74.1727459191"
"4.64334831598, -74.1477398423",394,4.64334831583,-74.1477398423,"4.64334831583,-74.1477398423"
"4.63783909272, -74.1328283274",387,4.63783909257,-74.1328283274,"4.63783909257,-74.1328283274"
"4.63081764087, -74.1591596917",416,4.63081764072,-74.1591596917,"4.63081764072,-74.1591596917"
"4.68364322632, -74.1281528225",999,4.68364322616,-74.1281528225,"4.68364322616,-74.1281528225"
"4.70922567987, -74.1316166312",835,4.70922567971,-74.1316166312,"4.70922567971,-74.1316166312"
"4.6704416653, -74.0932838248",213,4.67044166514,-74.0932838248,"4.67044166514,-74.0932838248"
"4.8123083985, -74.2244421491",917,4.81230839834,-74.2244421491,"4.81230839834,-74.2244421491"
"4.58485378924, -74.2659953307",930,4.58485378909,-74.2659953307,"4.58485378909,-74.2659953307"
"4.96591684751, -73.9121392949",912,4.96591684735,-73.9121392949,"4.96591684735,-73.9121392949"
"4.7272846978, -74.2348581623",919,4.72728469764,-74.2348581623,"4.72728469764,-74.2348581623"
"4.7318083687, -74.2659045753",902,4.73180836854,-74.2659045753,"4.73180836854,-74.2659045753"
,937,4.90887406796,-74.0348326569,"4.90887406796,-74.0348326569"
"4.63298378386, -74.248781463",929,4.63298378371,-74.248781463,"4.63298378371,-74.248781463"
"4.60571173698, -74.2193247863",932,4.60571173683,-74.2193247863,"4.60571173683,-74.2193247863"
"4.5906353393, -74.2127673484",931,4.59063533915,-74.2127673484,"4.59063533915,-74.2127673484"
"4.6418456869, -74.1624953045",412,4.64184568675,-74.1624953045,"4.64184568675,-74.1624953045"
"4.63333843119, -74.1707777895",528,4.63333843104,-74.1707777895,"4.63333843104,-74.1707777895"
"4.64787109215, -74.1349810844",391,4.647871092,-74.1349810844,"4.647871092,-74.1349810844"
"4.63958919455, -74.1530722851",950,4.6395891944,-74.1530722851,"4.6395891944,-74.1530722851"
"4.69969204624, -74.1192905338",198,4.69969204609,-74.1192905338,"4.69969204609,-74.1192905338"
"4.69410071313, -74.1124020154",200,4.69410071297,-74.1124020154,"4.69410071297,-74.1124020154"
"4.68330224807, -74.1085146522",204,4.68330224791,-74.1085146522,"4.68330224791,-74.1085146522"
"4.64554794059, -74.0667999938",281,4.64554794044,-74.0667999938,"4.64554794044,-74.0667999938"
"4.64120028261, -74.0606654604",273,4.64120028245,-74.0606654604,"4.64120028245,-74.0606654604"
"4.64326887423, -74.087297595",293,4.64326887408,-74.087297595,"4.64326887408,-74.087297595"
"4.63161872889, -74.070628135",278,4.63161872874,-74.070628135,"4.63161872874,-74.070628135"
"4.62293145009, -74.0723194518",344,4.62293144994,-74.0723194518,"4.62293144994,-74.0723194518"
"4.62679868624, -74.1474662871",418,4.62679868609,-74.1474662871,"4.62679868609,-74.1474662871"
"4.61774636036, -74.1216401795",382,4.61774636021,-74.1216401795,"4.61774636021,-74.1216401795"
"4.6185619239, -74.0919880579",364,4.61856192375,-74.0919880579,"4.61856192375,-74.0919880579"
"4.6257496498, -74.1113211631",375,4.62574964965,-74.1113211631,"4.62574964965,-74.1113211631"
"4.5920821613, -74.1387791537",575,4.59208216115,-74.1387791537,"4.59208216115,-74.1387791537"
"4.61049163941, -74.1756801831",547,4.61049163926,-74.1756801831,"4.61049163926,-74.1756801831"
"4.61760396412, -74.0763077196",357,4.61760396397,-74.0763077196,"4.61760396397,-74.0763077196"
"4.62196983679, -74.076610239",395,4.62196983664,-74.076610239,"4.62196983664,-74.076610239"
"4.62695913019, -74.0840060982",337,4.62695913004,-74.0840060982,"4.62695913004,-74.0840060982"
"4.60771975889, -74.08709903",441,4.60771975874,-74.08709903,"4.60771975874,-74.08709903"
"4.58731464083, -74.0672528927",483,4.58731464068,-74.0672528927,"4.58731464068,-74.0672528927"
"4.63116453665, -74.0597742119",269,4.6311645365,-74.0597742119,"4.6311645365,-74.0597742119"
"4.66838991154, -74.1064735567",300,4.66838991138,-74.1064735567,"4.66838991138,-74.1064735567"
"4.68581675166, -74.0993316261",207,4.68581675151,-74.0993316261,"4.68581675151,-74.0993316261"
"4.68093965329, -74.0964537538",209,4.68093965314,-74.0964537538,"4.68093965314,-74.0964537538"
"4.6924303958, -74.0839685029",178,4.69243039564,-74.0839685029,"4.69243039564,-74.0839685029"
"4.69389542805, -74.0993096325",182,4.6938954279,-74.0993096325,"4.6938954279,-74.0993096325"
"4.68398486242, -74.0943594888",208,4.68398486227,-74.0943594888,"4.68398486227,-74.0943594888"
"4.6656111296, -74.0166313197",160,4.66561112944,-74.0166313197,"4.66561112944,-74.0166313197"
"4.76827086738, -74.0352947168",956,4.76827086723,-74.0352947168,"4.76827086723,-74.0352947168"
"4.71916620907, -74.0591274627",90,4.71916620891,-74.0591274627,"4.71916620891,-74.0591274627"
"4.75743998913, -74.0282848311",16,4.75743998898,-74.0282848311,"4.75743998898,-74.0282848311"
"4.502521991, -74.1135548805",939,4.50252199085,-74.1135548805,"4.50252199085,-74.1135548805"
"4.55781041444, -74.1366635781",962,4.55781041429,-74.1366635781,"4.55781041429,-74.1366635781"
"4.58189557161, -74.1458133068",941,4.58189557146,-74.1458133068,"4.58189557146,-74.1458133068"
"4.61544815604, -74.0789340712",359,4.61544815589,-74.0789340712,"4.61544815589,-74.0789340712"
"4.67301302568, -74.0967395205",212,4.67301302553,-74.0967395205,"4.67301302553,-74.0967395205"
"4.70191094507, -74.0602029828",853,4.70191094491,-74.0602029828,"4.70191094491,-74.0602029828"
"4.81477886208, -74.0303842458",3,4.81477886192,-74.0303842458,"4.81477886192,-74.0303842458"
"4.87167935897, -74.1433398981",905,4.87167935881,-74.1433398981,"4.87167935881,-74.1433398981"
"4.90861755572, -73.9418068237",913,4.90861755556,-73.9418068237,"4.90861755556,-73.9418068237"
"4.77793420835, -74.125239275",927,4.7779342082,-74.125239275,"4.7779342082,-74.125239275"
"4.87939765451, -74.07733425",794,4.87939765435,-74.07733425,"4.87939765435,-74.07733425"
"4.90436330984, -74.0138590966",806,4.90436330967,-74.0138590966,"4.90436330967,-74.0138590966"
"5.10857313356, -73.6158834755",822,5.10857313339,-73.6158834755,"5.10857313339,-73.6158834755"
"4.06902429739, -74.2498490751",796,4.06902429726,-74.2498490751,"4.06902429726,-74.2498490751"
"4.48077126494, -74.6985777137",811,4.48077126479,-74.6985777137,"4.48077126479,-74.6985777137"
"5.40386104413, -74.2697336001",820,5.40386104396,-74.2697336001,"5.40386104396,-74.2697336001"
"5.31017967254, -74.578950465",819,5.31017967236,-74.578950465,"5.31017967236,-74.578950465"
,807,4.88818958836,-73.9672967894,"4.88818958836,-73.9672967894"
,802,4.69133855184,-74.3263957885,"4.69133855184,-74.3263957885"
"4.66881983807, -74.236768629",791,4.66881983791,-74.236768629,"4.66881983791,-74.236768629"
"4.80682425132, -74.126201556",793,4.80682425116,-74.126201556,"4.80682425116,-74.126201556"
"4.69840269248, -74.1413982575",304,4.69840269233,-74.1413982575,"4.69840269233,-74.1413982575"
,934,4.86126883094,-74.0578051915,"4.86126883094,-74.0578051915"
"4.72734479597, -74.1171212455",119,4.72734479582,-74.1171212455,"4.72734479582,-74.1171212455"
"4.70733315246, -74.0307528236",86,4.7073331523,-74.0307528236,"4.7073331523,-74.0307528236"
"4.70947574519, -74.1396877214",195,4.70947574504,-74.1396877214,"4.70947574504,-74.1396877214"
"4.71492227888, -74.1255008546",191,4.71492227873,-74.1255008546,"4.71492227873,-74.1255008546"
"4.71432633587, -74.1094860711",120,4.71432633571,-74.1094860711,"4.71432633571,-74.1094860711"
"4.70629779141, -74.1162788801",187,4.70629779125,-74.1162788801,"4.70629779125,-74.1162788801"
"4.72813811908, -74.0814203746",98,4.72813811892,-74.0814203746,"4.72813811892,-74.0814203746"
"4.75436693386, -74.0747347224",31,4.7543669337,-74.0747347224,"4.7543669337,-74.0747347224"
"4.71377885993, -74.0667706943",92,4.71377885977,-74.0667706943,"4.71377885977,-74.0667706943"
"4.74791546441, -74.0672129983",45,4.74791546425,-74.0672129983,"4.74791546425,-74.0672129983"
"4.69462404469, -74.0473332328",851,4.69462404453,-74.0473332328,"4.69462404453,-74.0473332328"
"4.69247436281, -74.0406678331",148,4.69247436265,-74.0406678331,"4.69247436265,-74.0406678331"
"4.58072341036, -74.1897483835",773,4.58072341021,-74.1897483835,"4.58072341021,-74.1897483835"
"4.60024741265, -74.1827734587",544,4.6002474125,-74.1827734587,"4.6002474125,-74.1827734587"
"4.60540243714, -74.1758020159",545,4.60540243699,-74.1758020159,"4.60540243699,-74.1758020159"
"4.60012173985, -74.1653138682",543,4.6001217397,-74.1653138682,"4.6001217397,-74.1653138682"
"4.62452677153, -74.1981563924",560,4.62452677138,-74.1981563924,"4.62452677138,-74.1981563924"
"4.61580465639, -74.1882567514",564,4.61580465624,-74.1882567514,"4.61580465624,-74.1882567514"
"4.62857504931, -74.1898365146",552,4.62857504916,-74.1898365146,"4.62857504916,-74.1898365146"
"4.56740625106, -74.2334770676",785,4.56740625091,-74.2334770676,"4.56740625091,-74.2334770676"
"4.58517477594, -74.0658887896",484,4.58517477579,-74.0658887896,"4.58517477579,-74.0658887896"
"4.59020873506, -74.0659830885",481,4.59020873491,-74.0659830885,"4.59020873491,-74.0659830885"
"4.6005795037, -74.0618967409",478,4.60057950355,-74.0618967409,"4.60057950355,-74.0618967409"
"4.68659935215, -74.0285727028",156,4.68659935199,-74.0285727028,"4.68659935199,-74.0285727028"
"4.67102213882, -74.0466264666",262,4.67102213867,-74.0466264666,"4.67102213867,-74.0466264666"
"4.65792956796, -74.0558437031",847,4.65792956781,-74.0558437031,"4.65792956781,-74.0558437031"
"4.6923481858, -74.0286604434",155,4.69234818564,-74.0286604434,"4.69234818564,-74.0286604434"
"4.6757923137, -74.0559617118",164,4.67579231355,-74.0559617118,"4.67579231355,-74.0559617118"
"4.66408676974, -74.0557562378",246,4.66408676959,-74.0557562378,"4.66408676959,-74.0557562378"
"4.59304480614, -74.0849319032",452,4.59304480599,-74.0849319032,"4.59304480599,-74.0849319032"
"4.59805938241, -74.088813264",445,4.59805938226,-74.088813264,"4.59805938226,-74.088813264"
"4.60052491984, -74.0873740401",444,4.60052491969,-74.0873740401,"4.60052491969,-74.0873740401"
"4.56441060415, -74.1414056533",660,4.564410604,-74.1414056533,"4.564410604,-74.1414056533"
"4.59163111104, -74.1512263281",573,4.59163111089,-74.1512263281,"4.59163111089,-74.1512263281"
"4.54973400258, -74.1262427008",676,4.54973400243,-74.1262427008,"4.54973400243,-74.1262427008"
"4.54998896078, -74.1419937344",710,4.54998896064,-74.1419937344,"4.54998896064,-74.1419937344"
"4.58560557478, -74.1081408671",587,4.58560557463,-74.1081408671,"4.58560557463,-74.1081408671"
"4.58191435541, -74.1068386996",588,4.58191435526,-74.1068386996,"4.58191435526,-74.1068386996"
"4.5869437695, -74.1104168694",586,4.58694376935,-74.1104168694,"4.58694376935,-74.1104168694"
"4.56750827819, -74.1045857846",609,4.56750827804,-74.1045857846,"4.56750827804,-74.1045857846"
"4.56908775174, -74.1206921945",636,4.56908775159,-74.1206921945,"4.56908775159,-74.1206921945"
"4.55845939868, -74.1139554459",654,4.55845939853,-74.1139554459,"4.55845939853,-74.1139554459"
"4.55735792195, -74.1238468873",678,4.5573579218,-74.1238468873,"4.5573579218,-74.1238468873"
"4.58414208806, -74.1233591998",614,4.58414208791,-74.1233591998,"4.58414208791,-74.1233591998"
"4.59233493903, -74.1096238244",504,4.59233493888,-74.1096238244,"4.59233493888,-74.1096238244"
"4.53384874856, -74.0793541523",697,4.53384874841,-74.0793541523,"4.53384874841,-74.0793541523"
"4.48746795315, -74.1254421766",758,4.48746795301,-74.1254421766,"4.48746795301,-74.1254421766"
"4.51272107228, -74.0917498119",701,4.51272107213,-74.0917498119,"4.51272107213,-74.0917498119"
"4.50786471002, -74.1098861321",744,4.50786470988,-74.1098861321,"4.50786470988,-74.1098861321"
"4.51141387719, -74.1074958037",743,4.51141387705,-74.1074958037,"4.51141387705,-74.1074958037"
"4.52485734129, -74.1220274085",732,4.52485734114,-74.1220274085,"4.52485734114,-74.1220274085"
"4.52395758688, -74.1165916606",733,4.52395758673,-74.1165916606,"4.52395758673,-74.1165916606"
"4.53428339138, -74.1221456782",704,4.53428339123,-74.1221456782,"4.53428339123,-74.1221456782"
"4.54786494984, -74.0870233723",649,4.54786494969,-74.0870233723,"4.54786494969,-74.0870233723"
"4.54540707116, -74.0912071413",688,4.54540707101,-74.0912071413,"4.54540707101,-74.0912071413"
"4.55112721354, -74.0996581867",650,4.55112721339,-74.0996581867,"4.55112721339,-74.0996581867"
"4.54542024056, -74.1316041752",706,4.54542024041,-74.1316041752,"4.54542024041,-74.1316041752"
"4.56735700022, -74.0946767624",594,4.56735700007,-74.0946767624,"4.56735700007,-74.0946767624"
"4.54306137732, -74.146778907",718,4.54306137717,-74.146778907,"4.54306137717,-74.146778907"
"4.54193503845, -74.1089764509",683,4.54193503831,-74.1089764509,"4.54193503831,-74.1089764509"
"4.61859735057, -74.2090711098",561,4.61859735042,-74.2090711098,"4.61859735042,-74.2090711098"
"4.71771167993, -74.0306467603",81,4.71771167977,-74.0306467603,"4.71771167977,-74.0306467603"
"4.72147424442, -74.029619705",79,4.72147424427,-74.029619705,"4.72147424427,-74.029619705"
"4.94225762111, -74.0321501101",806,4.94225762095,-74.0321501101,"4.94225762095,-74.0321501101"
"4.69117291793, -74.1609378627",310,4.69117291778,-74.1609378627,"4.69117291778,-74.1609378627"
"4.70140853404, -74.0258632628",154,4.70140853389,-74.0258632628,"4.70140853389,-74.0258632628"
"4.68919757243, -74.1145197266",201,4.68919757227,-74.1145197266,"4.68919757227,-74.1145197266"
"4.72148134968, -74.0786050616",97,4.72148134953,-74.0786050616,"4.72148134953,-74.0786050616"
"4.73148398486, -74.101903962",112,4.7314839847,-74.101903962,"4.7314839847,-74.101903962"
"4.75101280939, -74.0990047683",40,4.75101280923,-74.0990047683,"4.75101280923,-74.0990047683"
"4.72655282739, -74.0435191294",70,4.72655282724,-74.0435191294,"4.72655282724,-74.0435191294"
"4.71767579731, -74.103356688",121,4.71767579716,-74.103356688,"4.71767579716,-74.103356688"
"4.73619947119, -74.058721829",66,4.73619947104,-74.058721829,"4.73619947104,-74.058721829"
"4.70666438679, -74.0683636645",139,4.70666438664,-74.0683636645,"4.70666438664,-74.0683636645"
"4.56607113056, -74.1612522296",669,4.56607113041,-74.1612522296,"4.56607113041,-74.1612522296"
"4.58343190128, -74.1973515525",775,4.58343190113,-74.1973515525,"4.58343190113,-74.1973515525"
"4.57137170342, -74.1638147791",665,4.57137170327,-74.1638147791,"4.57137170327,-74.1638147791"
"4.57860315251, -74.2437900362",786,4.57860315236,-74.2437900362,"4.57860315236,-74.2437900362"
"4.66797569022, -74.0481972419",263,4.66797569006,-74.0481972419,"4.66797569006,-74.0481972419"
"4.67494215043, -74.0443845648",261,4.67494215028,-74.0443845648,"4.67494215028,-74.0443845648"
"4.68544049696, -74.0449680383",150,4.6854404968,-74.0449680383,"4.6854404968,-74.0449680383"
"4.60039431411, -74.0757235106",457,4.60039431396,-74.0757235106,"4.60039431396,-74.0757235106"
"4.67871696958, -74.0540625169",165,4.67871696943,-74.0540625169,"4.67871696943,-74.0540625169"
"4.57957857116, -74.0766352841",491,4.57957857101,-74.0766352841,"4.57957857101,-74.0766352841"
"4.58192475434, -74.0737074789",489,4.58192475419,-74.0737074789,"4.58192475419,-74.0737074789"
"4.5797850621, -74.0838822033",469,4.57978506195,-74.0838822033,"4.57978506195,-74.0838822033"
"4.57681601412, -74.0851560158",468,4.57681601397,-74.0851560158,"4.57681601397,-74.0851560158"
"4.57112269292, -74.0841706244",968,4.57112269277,-74.0841706244,"4.57112269277,-74.0841706244"
"4.57387317665, -74.1499116298",628,4.5738731765,-74.1499116298,"4.5738731765,-74.1499116298"
"4.57108594887, -74.1440634819",629,4.57108594872,-74.1440634819,"4.57108594872,-74.1440634819"
"4.57134005778, -74.1405602685",630,4.57134005763,-74.1405602685,"4.57134005763,-74.1405602685"
"4.56552555767, -74.1393930474",659,4.56552555752,-74.1393930474,"4.56552555752,-74.1393930474"
"4.58983055393, -74.0948200192",447,4.58983055378,-74.0948200192,"4.58983055378,-74.0948200192"
"4.60290698312, -74.0967968967",434,4.60290698297,-74.0967968967,"4.60290698297,-74.0967968967"
"4.60838507089, -74.092854207",433,4.60838507074,-74.092854207,"4.60838507074,-74.092854207"
"4.57771824102, -74.1019416922",590,4.57771824087,-74.1019416922,"4.57771824087,-74.1019416922"
"4.49251587214, -74.1130728247",755,4.49251587199,-74.1130728247,"4.49251587199,-74.1130728247"
"4.4952249474, -74.1201974665",757,4.49522494725,-74.1201974665,"4.49522494725,-74.1201974665"
"4.52406404776, -74.1006627962",685,4.52406404761,-74.1006627962,"4.52406404761,-74.1006627962"
"4.50030049317, -74.085721234",749,4.50030049303,-74.085721234,"4.50030049303,-74.085721234"
"4.53032382963, -74.1295108607",730,4.53032382948,-74.1295108607,"4.53032382948,-74.1295108607"
"4.52283187435, -74.1100342082",734,4.5228318742,-74.1100342082,"4.5228318742,-74.1100342082"
"4.51638489793, -74.1130858013",735,4.51638489778,-74.1130858013,"4.51638489778,-74.1130858013"
"4.55380732166, -74.1039177963",652,4.55380732151,-74.1039177963,"4.55380732151,-74.1039177963"
"4.55321479388, -74.0888238122",643,4.55321479373,-74.0888238122,"4.55321479373,-74.0888238122"
"4.54090745525, -74.1502982586",719,4.5409074551,-74.1502982586,"4.5409074551,-74.1502982586"
"4.5562953076, -74.0996536628",640,4.55629530745,-74.0996536628,"4.55629530745,-74.0996536628"
"4.56913300548, -74.0712135162",603,4.56913300533,-74.0712135162,"4.56913300533,-74.0712135162"
"4.64605970154, -74.1736013822",414,4.64605970139,-74.1736013822,"4.64605970139,-74.1736013822"
"4.64866852541, -74.1689182078",413,4.64866852525,-74.1689182078,"4.64866852525,-74.1689182078"
"4.66475578754, -74.1348415284",317,4.66475578739,-74.1348415284,"4.66475578739,-74.1348415284"
"4.65055920134, -74.0616046659",255,4.65055920118,-74.0616046659,"4.65055920118,-74.0616046659"
"4.64841373335, -74.155643794",396,4.6484137332,-74.155643794,"4.6484137332,-74.155643794"
"4.66241689475, -74.0703879149",231,4.66241689459,-74.0703879149,"4.66241689459,-74.0703879149"
"4.66510832795, -74.068429679",232,4.6651083278,-74.068429679,"4.6651083278,-74.068429679"
"4.67125353552, -74.1196167056",319,4.67125353536,-74.1196167056,"4.67125353536,-74.1196167056"
"4.65951283881, -74.0752101553",227,4.65951283866,-74.0752101553,"4.65951283866,-74.0752101553"
"4.64690133825, -74.0712999884",282,4.6469013381,-74.0712999884,"4.6469013381,-74.0712999884"
"4.6423435011, -74.0703486679",285,4.64234350095,-74.0703486679,"4.64234350095,-74.0703486679"
"4.63871432403, -74.0734878564",287,4.63871432387,-74.0734878564,"4.63871432387,-74.0734878564"
"4.63358394851, -74.1292713272",386,4.63358394836,-74.1292713272,"4.63358394836,-74.1292713272"
"4.65452874478, -74.0788739046",220,4.65452874462,-74.0788739046,"4.65452874462,-74.0788739046"
"4.66951585606, -74.0777405454",217,4.6695158559,-74.0777405454,"4.6695158559,-74.0777405454"
"4.62305074677, -74.1255550747",965,4.62305074662,-74.1255550747,"4.62305074662,-74.1255550747"
"4.62550979058, -74.11807215",380,4.62550979043,-74.11807215,"4.62550979043,-74.11807215"
"4.6223112019, -74.1041292913",369,4.62231120175,-74.1041292913,"4.62231120175,-74.1041292913"
"4.62320245921, -74.0959008968",367,4.62320245906,-74.0959008968,"4.62320245906,-74.0959008968"
"4.61012254769, -74.1149173039",427,4.61012254754,-74.1149173039,"4.61012254754,-74.1149173039"
"4.60289701946, -74.126457238",515,4.60289701931,-74.126457238,"4.60289701931,-74.126457238"
"4.61665989884, -74.1693034116",533,4.61665989869,-74.1693034116,"4.61665989869,-74.1693034116"
"4.61902956858, -74.1782871102",549,4.61902956843,-74.1782871102,"4.61902956843,-74.1782871102"
"4.60708306799, -74.1449133818",538,4.60708306784,-74.1449133818,"4.60708306784,-74.1449133818"
"4.61647524502, -74.1495285191",521,4.61647524486,-74.1495285191,"4.61647524486,-74.1495285191"
"4.67640193805, -74.1642487612",404,4.67640193789,-74.1642487612,"4.67640193789,-74.1642487612"
"4.67555687619, -74.134986088",316,4.67555687604,-74.134986088,"4.67555687604,-74.134986088"
"4.61485451846, -74.0608360845",347,4.61485451831,-74.0608360845,"4.61485451831,-74.0608360845"
"4.62226520538, -74.0904221836",366,4.62226520523,-74.0904221836,"4.62226520523,-74.0904221836"
"4.66690394945, -74.0673486949",233,4.6669039493,-74.0673486949,"4.6669039493,-74.0673486949"
"4.69248411204, -74.0942954607",181,4.69248411188,-74.0942954607,"4.69248411188,-74.0942954607"
"4.67267795629, -74.0851954577",215,4.67267795614,-74.0851954577,"4.67267795614,-74.0851954577"
"4.65406467918, -74.0763891005",228,4.65406467903,-74.0763891005,"4.65406467903,-74.0763891005"
"4.66905578614, -74.0245988673",161,4.66905578599,-74.0245988673,"4.66905578599,-74.0245988673"
"4.81757963763, -74.0451321815",960,4.81757963748,-74.0451321815,"4.81757963748,-74.0451321815"
"4.75780769277, -74.0520356081",27,4.75780769261,-74.0520356081,"4.75780769261,-74.0520356081"
"4.74212876957, -74.052537437",50,4.74212876941,-74.052537437,"4.74212876941,-74.052537437"
"4.74382750961, -74.0343874453",54,4.74382750946,-74.0343874453,"4.74382750946,-74.0343874453"
"4.75414617109, -74.0406719385",25,4.75414617093,-74.0406719385,"4.75414617093,-74.0406719385"
"4.66020037944, -74.130837024",323,4.66020037929,-74.130837024,"4.66020037929,-74.130837024"
"4.57455840874, -74.1591424568",626,4.57455840859,-74.1591424568,"4.57455840859,-74.1591424568"
"4.56258373661, -74.0764943518",605,4.56258373646,-74.0764943518,"4.56258373646,-74.0764943518"
"4.57033627654, -74.1080083528",610,4.57033627639,-74.1080083528,"4.57033627639,-74.1080083528"
"4.59195601763, -74.1205487071",580,4.59195601748,-74.1205487071,"4.59195601748,-74.1205487071"
"4.57435297483, -74.1281887197",633,4.57435297468,-74.1281887197,"4.57435297468,-74.1281887197"
"4.61240036519, -74.0687668238",352,4.61240036504,-74.0687668238,"4.61240036504,-74.0687668238"
"4.65294045369, -74.1137394792",996,4.65294045354,-74.1137394792,"4.65294045354,-74.1137394792"
"4.75554791399, -74.0777204307",32,4.75554791383,-74.0777204307,"4.75554791383,-74.0777204307"
"4.69858934416, -74.0605485864",141,4.698589344,-74.0605485864,"4.698589344,-74.0605485864"
"4.81136130077, -74.351037241",904,4.81136130061,-74.351037241,"4.81136130061,-74.351037241"
"4.68419254773, -74.1827068628",921,4.68419254757,-74.1827068628,"4.68419254757,-74.1827068628"
"4.70200517764, -74.1898775612",922,4.70200517749,-74.1898775612,"4.70200517749,-74.1898775612"
"4.86030981208, -74.0077584438",935,4.86030981193,-74.0077584438,"4.86030981193,-74.0077584438"
"4.88774230777, -74.0234329063",806,4.88774230761,-74.0234329063,"4.88774230761,-74.0234329063"
"4.97720794118, -74.238838279",814,4.97720794102,-74.238838279,"4.97720794102,-74.238838279"
"5.03574574814, -73.8291395182",818,5.03574574797,-73.8291395182,"5.03574574797,-73.8291395182"
,816,4.96979403975,-73.9262455252,"4.96979403975,-73.9262455252"
,799,4.46477012007,-74.2628334821,"4.46477012007,-74.2628334821"
"4.72321931491, -74.0292616857",78,4.72321931476,-74.0292616857,"4.72321931476,-74.0292616857"
"4.68851441659, -74.1665437759",407,4.68851441643,-74.1665437759,"4.68851441643,-74.1665437759"
"4.70496910649, -74.1311533501",196,4.70496910634,-74.1311533501,"4.70496910634,-74.1311533501"
"4.72077090277, -74.1241509702",192,4.72077090262,-74.1241509702,"4.72077090262,-74.1241509702"
"4.75577073348, -74.0876364358",33,4.75577073333,-74.0876364358,"4.75577073333,-74.0876364358"
"4.7246717966, -74.098892826",104,4.72467179645,-74.098892826,"4.72467179645,-74.098892826"
"4.70045118718, -74.1086030421",186,4.70045118703,-74.1086030421,"4.70045118703,-74.1086030421"
"4.69755899046, -74.1102739101",199,4.69755899031,-74.1102739101,"4.69755899031,-74.1102739101"
"4.72559240004, -74.0868008099",100,4.72559239988,-74.0868008099,"4.72559239988,-74.0868008099"
"4.71277141877, -74.0756036572",96,4.71277141861,-74.0756036572,"4.71277141861,-74.0756036572"
"4.71593047207, -74.0717197308",95,4.71593047192,-74.0717197308,"4.71593047192,-74.0717197308"
"4.72202347941, -74.0634943322",93,4.72202347926,-74.0634943322,"4.72202347926,-74.0634943322"
"4.7158934266, -74.0928163656",126,4.71589342645,-74.0928163656,"4.71589342645,-74.0928163656"
"4.69926343537, -74.0314658559",153,4.69926343521,-74.0314658559,"4.69926343521,-74.0314658559"
"4.68871051667, -74.0494011802",850,4.68871051651,-74.0494011802,"4.68871051651,-74.0494011802"
"4.68356356505, -74.0545391896",849,4.6835635649,-74.0545391896,"4.6835635649,-74.0545391896"
"4.5506373585, -74.1605693345",714,4.55063735835,-74.1605693345,"4.55063735835,-74.1605693345"
"4.57357670635, -74.1727949731",666,4.5735767062,-74.1727949731,"4.5735767062,-74.1727949731"
"4.56686429485, -74.1686076032",667,4.5668642947,-74.1686076032,"4.5668642947,-74.1686076032"
"4.63352414171, -74.2104568825",558,4.63352414156,-74.2104568825,"4.63352414156,-74.2104568825"
"4.63692706805, -74.1943850841",554,4.6369270679,-74.1943850841,"4.6369270679,-74.1943850841"
"4.57804367337, -74.1663877153",625,4.57804367322,-74.1663877153,"4.57804367322,-74.1663877153"
"4.57737175087, -74.2310620252",784,4.57737175072,-74.2310620252,"4.57737175072,-74.2310620252"
"4.63999429886, -74.0545058375",266,4.6399942987,-74.0545058375,"4.6399942987,-74.0545058375"
"4.67828215976, -74.0425613574",260,4.67828215961,-74.0425613574,"4.67828215961,-74.0425613574"
"4.58290672864, -74.0750801392",488,4.58290672848,-74.0750801392,"4.58290672848,-74.0750801392"
"4.67278388737, -74.0621485998",168,4.67278388722,-74.0621485998,"4.67278388722,-74.0621485998"
"4.57857962449, -74.0807569463",470,4.57857962434,-74.0807569463,"4.57857962434,-74.0807569463"
"4.55936575258, -74.1419383122",673,4.55936575243,-74.1419383122,"4.55936575243,-74.1419383122"
"4.60384959983, -74.0739042559",455,4.60384959968,-74.0739042559,"4.60384959968,-74.0739042559"
"4.58148400759, -74.0876686356",466,4.58148400744,-74.0876686356,"4.58148400744,-74.0876686356"
"4.57657467188, -74.0912713113",499,4.57657467173,-74.0912713113,"4.57657467173,-74.0912713113"
"4.57647129499, -74.1358364265",631,4.57647129484,-74.1358364265,"4.57647129484,-74.1358364265"
"4.55644566507, -74.1405328084",674,4.55644566492,-74.1405328084,"4.55644566492,-74.1405328084"
"4.55553744304, -74.1458370439",711,4.55553744289,-74.1458370439,"4.55553744289,-74.1458370439"
"4.57247121704, -74.10502168",975,4.57247121689,-74.10502168,"4.57247121689,-74.10502168"
"4.58627236804, -74.1131566681",585,4.58627236789,-74.1131566681,"4.58627236789,-74.1131566681"
"4.57617779042, -74.1063440947",591,4.57617779027,-74.1063440947,"4.57617779027,-74.1063440947"
"4.57325063515, -74.0992953659",592,4.573250635,-74.0992953659,"4.573250635,-74.0992953659"
"4.58287899902, -74.1326982216",616,4.58287899887,-74.1326982216,"4.58287899887,-74.1326982216"
"4.52424045755, -74.0860146515",695,4.52424045741,-74.0860146515,"4.52424045741,-74.0860146515"
"4.52936416802, -74.0925762837",693,4.52936416787,-74.0925762837,"4.52936416787,-74.0925762837"
"4.50336976241, -74.1196128421",753,4.50336976227,-74.1196128421,"4.50336976227,-74.1196128421"
"4.53349000653, -74.109344502",702,4.53349000638,-74.109344502,"4.53349000638,-74.109344502"
"4.50537122172, -74.1001436933",745,4.50537122157,-74.1001436933,"4.50537122157,-74.1001436933"
"4.56307560706, -74.1027005692",639,4.56307560691,-74.1027005692,"4.56307560691,-74.1027005692"
"4.56935115451, -74.0899917418",595,4.56935115436,-74.0899917418,"4.56935115436,-74.0899917418"
"4.54240369904, -74.1553385662",720,4.5424036989,-74.1553385662,"4.5424036989,-74.1553385662"
"4.54014620034, -74.1448701424",724,4.54014620019,-74.1448701424,"4.54014620019,-74.1448701424"
"4.55048521287, -74.1343738951",707,4.55048521273,-74.1343738951,"4.55048521273,-74.1343738951"
"4.50744586668, -74.0865885206",748,4.50744586653,-74.0865885206,"4.50744586653,-74.0865885206"
"4.56254944535, -74.0846246047",599,4.5625494452,-74.0846246047,"4.5625494452,-74.0846246047"
"4.54184276646, -74.0813877175",699,4.54184276631,-74.0813877175,"4.54184276631,-74.0813877175"
"4.64417171968, -74.1766358334",529,4.64417171953,-74.1766358334,"4.64417171953,-74.1766358334"
"4.6573822668, -74.063474851",240,4.65738226665,-74.063474851,"4.65738226665,-74.063474851"
"4.68629237515, -74.1329756647",305,4.686292375,-74.1329756647,"4.686292375,-74.1329756647"
"4.63511098417, -74.1495946866",408,4.63511098402,-74.1495946866,"4.63511098402,-74.1495946866"
"4.62787355958, -74.0636143936",271,4.62787355943,-74.0636143936,"4.62787355943,-74.0636143936"
"4.66236349277, -74.0782823053",221,4.66236349262,-74.0782823053,"4.66236349262,-74.0782823053"
"4.67614733171, -74.0772533566",174,4.67614733155,-74.0772533566,"4.67614733155,-74.0772533566"
"4.62375378129, -74.1414166731",420,4.62375378113,-74.1414166731,"4.62375378113,-74.1414166731"
"4.6235829568, -74.0869677315",365,4.62358295665,-74.0869677315,"4.62358295665,-74.0869677315"
"4.59854942453, -74.1477775274",540,4.59854942438,-74.1477775274,"4.59854942438,-74.1477775274"
"4.6332655164, -74.1065171466",328,4.63326551625,-74.1065171466,"4.63326551625,-74.1065171466"
"4.61824495237, -74.1714582022",532,4.61824495221,-74.1714582022,"4.61824495221,-74.1714582022"
"4.6361426582, -74.1578799874",410,4.63614265805,-74.1578799874,"4.63614265805,-74.1578799874"
"4.61479896467, -74.0709480703",992,4.61479896452,-74.0709480703,"4.61479896452,-74.0709480703"
"4.61419687776, -74.0649377868",349,4.61419687761,-74.0649377868,"4.61419687761,-74.0649377868"
"4.6222144152, -74.0793444198",358,4.62221441504,-74.0793444198,"4.62221441504,-74.0793444198"
"4.63343509792, -74.0927109277",333,4.63343509777,-74.0927109277,"4.63343509777,-74.0927109277"
"4.60454050639, -74.0659593049",353,4.60454050624,-74.0659593049,"4.60454050624,-74.0659593049"
"4.67523186972, -74.0726834419",173,4.67523186956,-74.0726834419,"4.67523186956,-74.0726834419"
"4.68307035915, -74.084338312",176,4.68307035899,-74.084338312,"4.68307035899,-74.084338312"
"4.658541766, -74.0939800876",297,4.65854176585,-74.0939800876,"4.65854176585,-74.0939800876"
"4.74989631532, -74.027637553",21,4.74989631516,-74.027637553,"4.74989631516,-74.027637553"
"4.49854650434, -74.1110769355",754,4.4985465042,-74.1110769355,"4.4985465042,-74.1110769355"
"4.66637380133, -74.1252367171",318,4.66637380118,-74.1252367171,"4.66637380118,-74.1252367171"
"4.61394980373, -74.1600927145",964,4.61394980357,-74.1600927145,"4.61394980357,-74.1600927145"
"4.58088932968, -74.1107177663",589,4.58088932953,-74.1107177663,"4.58088932953,-74.1107177663"
"4.59456400393, -74.107307681",503,4.59456400378,-74.107307681,"4.59456400378,-74.107307681"
"4.63019298513, -74.0905392398",334,4.63019298498,-74.0905392398,"4.63019298498,-74.0905392398"
"4.65596424186, -74.0612569485",254,4.65596424171,-74.0612569485,"4.65596424171,-74.0612569485"
"4.68971539478, -74.0541019704",144,4.68971539462,-74.0541019704,"4.68971539462,-74.0541019704"
"4.76267335066, -74.0598224524",28,4.76267335051,-74.0598224524,"4.76267335051,-74.0598224524"
"4.48813427834, -74.2588454006",915,4.48813427819,-74.2588454006,"4.48813427819,-74.2588454006"
"4.82430623961, -74.0907229112",928,4.82430623946,-74.0907229112,"4.82430623946,-74.0907229112"
"4.74903493632, -74.1414418988",923,4.74903493617,-74.1414418988,"4.74903493617,-74.1414418988"
"4.85937773783, -74.0550944869",907,4.85937773767,-74.0550944869,"4.85937773767,-74.0550944869"
"4.91630566189, -74.0240839651",909,4.91630566173,-74.0240839651,"4.91630566173,-74.0240839651"
"4.65463539558, -74.1645448073",994,4.65463539543,-74.1645448073,"4.65463539543,-74.1645448073"
"4.66306851792, -74.0637517686",234,4.66306851777,-74.0637517686,"4.66306851777,-74.0637517686"
"4.67251280561, -74.1285716207",998,4.67251280546,-74.1285716207,"4.67251280546,-74.1285716207"
"4.63741685418, -74.1394708413",389,4.63741685403,-74.1394708413,"4.63741685403,-74.1394708413"
"4.62214615054, -74.1612188443",526,4.62214615039,-74.1612188443,"4.62214615039,-74.1612188443"
"4.67905490198, -74.1131846464",303,4.67905490183,-74.1131846464,"4.67905490183,-74.1131846464"
"4.66482413611, -74.073682148",226,4.66482413596,-74.073682148,"4.66482413596,-74.073682148"
"4.63850594209, -74.0681679125",280,4.63850594194,-74.0681679125,"4.63850594194,-74.0681679125"
"4.62951237471, -74.066375622",277,4.62951237456,-74.066375622,"4.62951237456,-74.066375622"
"4.65843340211, -74.083530687",219,4.65843340196,-74.083530687,"4.65843340196,-74.083530687"
"4.65144429412, -74.0877328858",292,4.65144429396,-74.0877328858,"4.65144429396,-74.0877328858"
"4.65227787117, -74.0987561648",298,4.65227787101,-74.0987561648,"4.65227787101,-74.0987561648"
"4.63782609977, -74.08457252",289,4.63782609961,-74.08457252,"4.63782609961,-74.08457252"
"4.62788349608, -74.0707616964",341,4.62788349593,-74.0707616964,"4.62788349593,-74.0707616964"
"4.61391177973, -74.1444461112",520,4.61391177958,-74.1444461112,"4.61391177958,-74.1444461112"
"4.62052256539, -74.1480280591",522,4.62052256523,-74.1480280591,"4.62052256523,-74.1480280591"
"4.60246080261, -74.1368727748",517,4.60246080246,-74.1368727748,"4.60246080246,-74.1368727748"
"4.61183156371, -74.1187049837",426,4.61183156356,-74.1187049837,"4.61183156356,-74.1187049837"
"4.60052701481, -74.1241284016",510,4.60052701466,-74.1241284016,"4.60052701466,-74.1241284016"
"4.6336965929, -74.0967478695",330,4.63369659275,-74.0967478695,"4.63369659275,-74.0967478695"
"4.61100479694, -74.1706295179",546,4.61100479678,-74.1706295179,"4.61100479678,-74.1706295179"
"4.63098100698, -74.1651234576",989,4.63098100683,-74.1651234576,"4.63098100683,-74.1651234576"
"4.60933391073, -74.1528246234",537,4.60933391058,-74.1528246234,"4.60933391058,-74.1528246234"
"4.61900226534, -74.1591649286",525,4.61900226519,-74.1591649286,"4.61900226519,-74.1591649286"
"4.58960922781, -74.1320490604",577,4.58960922766,-74.1320490604,"4.58960922766,-74.1320490604"
"4.62474269739, -74.0603088588",268,4.62474269724,-74.0603088588,"4.62474269724,-74.0603088588"
"4.61241070063, -74.0755964728",966,4.61241070048,-74.0755964728,"4.61241070048,-74.0755964728"
"4.61308754498, -74.0809302157",843,4.61308754483,-74.0809302157,"4.61308754483,-74.0809302157"
"4.63058486393, -74.081452447",336,4.63058486378,-74.081452447,"4.63058486378,-74.081452447"
"4.63709886371, -74.0947135174",331,4.63709886356,-74.0947135174,"4.63709886356,-74.0947135174"
"4.67663217278, -74.0649529713",169,4.67663217263,-74.0649529713,"4.67663217263,-74.0649529713"
"4.67083186203, -74.0675021486",223,4.67083186187,-74.0675021486,"4.67083186187,-74.0675021486"
"4.67630372897, -74.0892078368",842,4.67630372882,-74.0892078368,"4.67630372882,-74.0892078368"
"4.6665049308, -74.0886835708",214,4.66650493064,-74.0886835708,"4.66650493064,-74.0886835708"
"4.68839463683, -74.1035094892",203,4.68839463668,-74.1035094892,"4.68839463668,-74.1035094892"
"4.70022856233, -74.0897507795",131,4.70022856218,-74.0897507795,"4.70022856218,-74.0897507795"
"4.68687832672, -74.0871441998",179,4.68687832656,-74.0871441998,"4.68687832656,-74.0871441998"
"4.67439222529, -74.0816611383",216,4.67439222514,-74.0816611383,"4.67439222514,-74.0816611383"
"4.77867062907, -74.0320612222",6,4.77867062891,-74.0320612222,"4.77867062891,-74.0320612222"
"4.77459156046, -74.0356265688",957,4.7745915603,-74.0356265688,"4.7745915603,-74.0356265688"
"4.73947198327, -74.0273424364",56,4.73947198312,-74.0273424364,"4.73947198312,-74.0273424364"
"4.74237870425, -74.1173487876",115,4.74237870409,-74.1173487876,"4.74237870409,-74.1173487876"
"4.74224431374, -74.1010507591",109,4.74224431358,-74.1010507591,"4.74224431358,-74.1010507591"
"4.76497701085, -74.025204743",13,4.76497701069,-74.025204743,"4.76497701069,-74.025204743"
"4.73360304114, -74.0470362325",63,4.73360304099,-74.0470362325,"4.73360304099,-74.0470362325"
"4.61103060548, -74.1966412578",562,4.61103060533,-74.1966412578,"4.61103060533,-74.1966412578"
"4.57198091552, -74.0874091638",496,4.57198091537,-74.0874091638,"4.57198091537,-74.0874091638"
"4.55949242784, -74.0969823297",607,4.55949242769,-74.0969823297,"4.55949242769,-74.0969823297"
"4.56083597369, -74.1075172891",974,4.56083597354,-74.1075172891,"4.56083597354,-74.1075172891"
"4.57352532112, -74.1206866494",635,4.57352532097,-74.1206866494,"4.57352532097,-74.1206866494"
"4.56025839381, -74.1184348338",656,4.56025839366,-74.1184348338,"4.56025839366,-74.1184348338"
"4.61336139414, -74.1258192516",424,4.61336139399,-74.1258192516,"4.61336139399,-74.1258192516"
"4.74552944872, -74.0738558386",43,4.74552944856,-74.0738558386,"4.74552944856,-74.0738558386"
"4.60894073448, -74.0781404665",361,4.60894073432,-74.0781404665,"4.60894073432,-74.0781404665"
"4.69606678789, -74.0530298303",145,4.69606678774,-74.0530298303,"4.69606678774,-74.0530298303"
"4.8166465931, -74.1020428088",926,4.81664659294,-74.1020428088,"4.81664659294,-74.1020428088"
"5.02097875295, -73.9752535221",936,5.02097875279,-73.9752535221,"5.02097875279,-73.9752535221"
"4.70858263726, -74.2158258052",900,4.7085826371,-74.2158258052,"4.7085826371,-74.2158258052"
"5.33308369799, -73.8261587412",821,5.33308369782,-73.8261587412,"5.33308369782,-73.8261587412"
"4.74264344276, -74.0191589907",57,4.7426434426,-74.0191589907,"4.7426434426,-74.0191589907"
"4.71950500805, -74.0302260879",80,4.71950500789,-74.0302260879,"4.71950500789,-74.0302260879"
"4.70761742507, -74.1254093549",190,4.70761742492,-74.1254093549,"4.70761742492,-74.1254093549"
"4.74995050104, -74.1154699583",37,4.74995050089,-74.1154699583,"4.74995050089,-74.1154699583"
"4.73557869353, -74.0757040617",837,4.73557869337,-74.0757040617,"4.73557869337,-74.0757040617"
"4.71026669676, -74.1033869381",123,4.7102666966,-74.1033869381,"4.7102666966,-74.1033869381"
"4.7484854961, -74.0622275886",46,4.74848549595,-74.0622275886,"4.74848549595,-74.0622275886"
"4.56102772715, -74.169871628",668,4.561027727,-74.169871628,"4.561027727,-74.169871628"
"4.58511155957, -74.2209375353",782,4.58511155942,-74.2209375353,"4.58511155942,-74.2209375353"
"4.59470614821, -74.1942596605",766,4.59470614806,-74.1942596605,"4.59470614806,-74.1942596605"
"4.63581555719, -74.1975328935",556,4.63581555703,-74.1975328935,"4.63581555703,-74.1975328935"
"4.61962827781, -74.193188829",563,4.61962827766,-74.193188829,"4.61962827766,-74.193188829"
"4.57921433786, -74.173567748",624,4.57921433771,-74.173567748,"4.57921433771,-74.173567748"
"4.65439976651, -74.0499079181",248,4.65439976636,-74.0499079181,"4.65439976636,-74.0499079181"
"4.58540976561, -74.0684082816",485,4.58540976546,-74.0684082816,"4.58540976546,-74.0684082816"
"4.58101862782, -74.0689735651",487,4.58101862767,-74.0689735651,"4.58101862767,-74.0689735651"
"4.68117122071, -74.0447892087",259,4.68117122055,-74.0447892087,"4.68117122055,-74.0447892087"
"4.68786515691, -74.0455739963",149,4.68786515675,-74.0455739963,"4.68786515675,-74.0455739963"
"4.6771702272, -74.0489148628",258,4.67717022704,-74.0489148628,"4.67717022704,-74.0489148628"
"4.56369082449, -74.1490269294",663,4.56369082434,-74.1490269294,"4.56369082434,-74.1490269294"
"4.56363561309, -74.1531397258",670,4.56363561294,-74.1531397258,"4.56363561294,-74.1531397258"
"4.61076947189, -74.0734671179",355,4.61076947174,-74.0734671179,"4.61076947174,-74.0734671179"
"4.58450444279, -74.0837274613",464,4.58450444264,-74.0837274613,"4.58450444264,-74.0837274613"
"4.58951165846, -74.0876989495",451,4.58951165831,-74.0876989495,"4.58951165831,-74.0876989495"
"4.57282014809, -74.081279056",969,4.57282014794,-74.081279056,"4.57282014794,-74.081279056"
"4.58321961073, -74.0930825666",448,4.58321961058,-74.0930825666,"4.58321961058,-74.0930825666"
"4.59989597577, -74.0923774375",439,4.59989597562,-74.0923774375,"4.59989597562,-74.0923774375"
"4.57874902967, -74.1298059067",987,4.57874902952,-74.1298059067,"4.57874902952,-74.1298059067"
"4.56326937086, -74.1349429544",658,4.56326937071,-74.1349429544,"4.56326937071,-74.1349429544"
"4.55461670704, -74.135872649",708,4.55461670689,-74.135872649,"4.55461670689,-74.135872649"
"4.60273835345, -74.1045976795",431,4.6027383533,-74.1045976795,"4.6027383533,-74.1045976795"
"4.56941744434, -74.1120387342",637,4.56941744419,-74.1120387342,"4.56941744419,-74.1120387342"
"4.56464624151, -74.1141084829",655,4.56464624136,-74.1141084829,"4.56464624136,-74.1141084829"
"4.5487666481, -74.1183353177",680,4.54876664795,-74.1183353177,"4.54876664795,-74.1183353177"
"4.5782711688, -74.1204543085",613,4.57827116865,-74.1204543085,"4.57827116865,-74.1204543085"
"4.58307309511, -74.1278708647",615,4.58307309496,-74.1278708647,"4.58307309496,-74.1278708647"
"4.58993235524, -74.1167039062",581,4.58993235509,-74.1167039062,"4.58993235509,-74.1167039062"
"4.53731238923, -74.0807207325",698,4.53731238908,-74.0807207325,"4.53731238908,-74.0807207325"
"4.49403762787, -74.1172304606",756,4.49403762772,-74.1172304606,"4.49403762772,-74.1172304606"
"4.53202466009, -74.0891155465",692,4.53202465994,-74.0891155465,"4.53202465994,-74.0891155465"
"4.48839543452, -74.1002193236",761,4.48839543437,-74.1002193236,"4.48839543437,-74.1002193236"
"4.50964810816, -74.124240621",739,4.50964810801,-74.124240621,"4.50964810801,-74.124240621"
"4.50162555239, -74.1070045279",961,4.50162555224,-74.1070045279,"4.50162555224,-74.1070045279"
"4.51767329733, -74.119088382",736,4.51767329718,-74.119088382,"4.51767329718,-74.119088382"
"4.5511694285, -74.0922141229",644,4.55116942835,-74.0922141229,"4.55116942835,-74.0922141229"
"4.54799972293, -74.0966113501",687,4.54799972278,-74.0966113501,"4.54799972278,-74.0966113501"
"4.56620917687, -74.1004221296",970,4.56620917672,-74.1004221296,"4.56620917672,-74.1004221296"
"4.53563504873, -74.1419518567",725,4.53563504858,-74.1419518567,"4.53563504858,-74.1419518567"
"4.53116998817, -74.1424990759",726,4.53116998803,-74.1424990759,"4.53116998803,-74.1424990759"
"4.55001645698, -74.1531492214",715,4.55001645683,-74.1531492214,"4.55001645683,-74.1531492214"
"4.55079867456, -74.0832981455",645,4.55079867441,-74.0832981455,"4.55079867441,-74.0832981455"
"4.56750045488, -74.0806118174",601,4.56750045473,-74.0806118174,"4.56750045473,-74.0806118174"
"4.27044938787, -73.9734358867",810,4.27044938773,-73.9734358867,"4.27044938773,-73.9734358867"
"4.49411172744, -73.3130195403",824,4.49411172729,-73.3130195403,"4.49411172729,-73.3130195403"
"4.58768302117, -74.4774236814",801,4.58768302102,-74.4774236814,"4.58768302102,-74.4774236814"
,813,4.83485507118,-74.3352399068,"4.83485507118,-74.3352399068"
"4.52379333075, -74.3299611001",916,4.52379333061,-74.3299611001,"4.52379333061,-74.3299611001"
"4.72069822193, -74.0245981934",83,4.72069822177,-74.0245981934,"4.72069822177,-74.0245981934"
,804,4.8384140078,-74.1462766608,"4.8384140078,-74.1462766608"
"4.71455240193, -74.0308525894",82,4.71455240177,-74.0308525894,"4.71455240177,-74.0308525894"
,805,4.95145212814,-74.0812665758,"4.95145212814,-74.0812665758"
"4.67997289671, -74.162118959",405,4.67997289656,-74.162118959,"4.67997289656,-74.162118959"
"4.71268039141, -74.1203271542",189,4.71268039126,-74.1203271542,"4.71268039126,-74.1203271542"
"4.70926087089, -74.0825417555",132,4.70926087073,-74.0825417555,"4.70926087073,-74.0825417555"
"4.7276562946, -74.0728146737",839,4.72765629445,-74.0728146737,"4.72765629445,-74.0728146737"
"4.70909281636, -74.0977930029",125,4.70909281621,-74.0977930029,"4.70909281621,-74.0977930029"
"4.70617921099, -74.0759192227",133,4.70617921084,-74.0759192227,"4.70617921084,-74.0759192227"
"4.69966918242, -74.0379091509",147,4.69966918226,-74.0379091509,"4.69966918226,-74.0379091509"
"4.5658612484, -74.1866393935",771,4.56586124825,-74.1866393935,"4.56586124825,-74.1866393935"
"4.58471423123, -74.2136508847",778,4.58471423108,-74.2136508847,"4.58471423108,-74.2136508847"
"4.58342649341, -74.1827389907",768,4.58342649326,-74.1827389907,"4.58342649326,-74.1827389907"
"4.58958994399, -74.1881328034",767,4.58958994384,-74.1881328034,"4.58958994384,-74.1881328034"
"4.66048611574, -74.0475028994",244,4.66048611559,-74.0475028994,"4.66048611559,-74.0475028994"
"4.64976965675, -74.0551777812",252,4.6497696566,-74.0551777812,"4.6497696566,-74.0551777812"
"4.56900964607, -74.1547815765",664,4.56900964592,-74.1547815765,"4.56900964592,-74.1547815765"
"4.66591436344, -74.0587052719",241,4.66591436328,-74.0587052719,"4.66591436328,-74.0587052719"
"4.59028071957, -74.0777731106",461,4.59028071942,-74.0777731106,"4.59028071942,-74.0777731106"
"4.5860292413, -74.08548404",463,4.58602924115,-74.08548404,"4.58602924115,-74.08548404"
"4.58047269017, -74.0961591401",500,4.58047269002,-74.0961591401,"4.58047269002,-74.0961591401"
"4.57297411464, -74.1157099738",611,4.57297411449,-74.1157099738,"4.57297411449,-74.1157099738"
"4.59154613678, -74.1435799782",574,4.59154613663,-74.1435799782,"4.59154613663,-74.1435799782"
"4.58520476938, -74.1179627299",584,4.58520476923,-74.1179627299,"4.58520476923,-74.1179627299"
"4.59652186828, -74.1060814151",986,4.59652186813,-74.1060814151,"4.59652186813,-74.1060814151"
"4.50572065625, -74.0909771928",747,4.5057206561,-74.0909771928,"4.5057206561,-74.0909771928"
"4.50834564482, -74.1188298924",741,4.50834564467,-74.1188298924,"4.50834564467,-74.1188298924"
"4.53854295993, -74.1150317308",703,4.53854295978,-74.1150317308,"4.53854295978,-74.1150317308"
"4.55048210144, -74.1068888264",651,4.55048210129,-74.1068888264,"4.55048210129,-74.1068888264"
"4.56469320376, -74.0966174388",971,4.56469320361,-74.0966174388,"4.56469320361,-74.0966174388"
"4.55034949117, -74.1486580102",716,4.55034949102,-74.1486580102,"4.55034949102,-74.1486580102"
"4.49872832468, -74.1030157676",751,4.49872832453,-74.1030157676,"4.49872832453,-74.1030157676"
"4.5558004429, -74.0793628255",967,4.55580044275,-74.0793628255,"4.55580044275,-74.0793628255"
"4.56425796779, -74.0821941306",600,4.56425796764,-74.0821941306,"4.56425796764,-74.0821941306"
"4.66696314442, -74.1440975747",397,4.66696314426,-74.1440975747,"4.66696314426,-74.1440975747"
"4.65383523965, -74.0584226726",848,4.6538352395,-74.0584226726,"4.6538352395,-74.0584226726"
"4.65542563636, -74.0676790398",236,4.65542563621,-74.0676790398,"4.65542563621,-74.0676790398"
"4.64574286783, -74.1280827109",388,4.64574286767,-74.1280827109,"4.64574286767,-74.1280827109"
"4.65213412929, -74.0688207829",238,4.65213412914,-74.0688207829,"4.65213412914,-74.0688207829"
"4.64988623672, -74.0746288187",283,4.64988623657,-74.0746288187,"4.64988623657,-74.0746288187"
"4.64759543836, -74.0823839737",290,4.64759543821,-74.0823839737,"4.64759543821,-74.0823839737"
"4.66991229412, -74.0743481336",222,4.66991229397,-74.0743481336,"4.66991229397,-74.0743481336"
"4.62915090462, -74.0740096824",991,4.62915090447,-74.0740096824,"4.62915090447,-74.0740096824"
"4.61913644268, -74.1252996898",988,4.61913644253,-74.1252996898,"4.61913644253,-74.1252996898"
"4.60586352434, -74.1291461314",516,4.60586352419,-74.1291461314,"4.60586352419,-74.1291461314"
"4.6166024471, -74.1019815729",370,4.61660244695,-74.1019815729,"4.61660244695,-74.1019815729"
"4.62710819266, -74.0892397334",952,4.6271081925,-74.0892397334,"4.6271081925,-74.0892397334"
"4.59139054895, -74.1239524367",985,4.5913905488,-74.1239524367,"4.5913905488,-74.1239524367"
"4.5993266067, -74.1293729057",514,4.59932660655,-74.1293729057,"4.59932660655,-74.1293729057"
"4.59595716729, -74.1320655278",512,4.59595716714,-74.1320655278,"4.59595716714,-74.1320655278"
"4.62259403004, -74.1731066145",531,4.62259402989,-74.1731066145,"4.62259402989,-74.1731066145"
"4.61110691031, -74.1580685073",536,4.61110691016,-74.1580685073,"4.61110691016,-74.1580685073"
"4.61541151517, -74.1661401749",534,4.61541151502,-74.1661401749,"4.61541151502,-74.1661401749"
"4.5893079832, -74.126664009",578,4.58930798304,-74.126664009,"4.58930798304,-74.126664009"
"4.59575922701, -74.1275073659",511,4.59575922686,-74.1275073659,"4.59575922686,-74.1275073659"
"4.68112140303, -74.171155297",406,4.68112140288,-74.171155297,"4.68112140288,-74.171155297"
"4.67022074903, -74.1503664509",400,4.67022074888,-74.1503664509,"4.67022074888,-74.1503664509"
"4.69403944564, -74.1543741567",309,4.69403944549,-74.1543741567,"4.69403944549,-74.1543741567"
"4.66975161488, -74.1395440374",315,4.66975161472,-74.1395440374,"4.66975161472,-74.1395440374"
"4.62085013491, -74.0660159383",346,4.62085013476,-74.0660159383,"4.62085013476,-74.0660159383"
"4.61893992841, -74.0695284674",345,4.61893992826,-74.0695284674,"4.61893992826,-74.0695284674"
"4.62742464164, -74.0788201",339,4.62742464149,-74.0788201,"4.62742464149,-74.0788201"
"4.60115457261, -74.1085493606",429,4.60115457246,-74.1085493606,"4.60115457246,-74.1085493606"
"4.67813315191, -74.1049551712",205,4.67813315175,-74.1049551712,"4.67813315175,-74.1049551712"
"4.75661165449, -74.0630940456",29,4.75661165433,-74.0630940456,"4.75661165433,-74.0630940456"
"4.74890457359, -74.0540456508",47,4.74890457343,-74.0540456508,"4.74890457343,-74.0540456508"
"4.74400916204, -74.0584949395",48,4.74400916188,-74.0584949395,"4.74400916188,-74.0584949395"
"4.73308358912, -74.0526574963",64,4.73308358897,-74.0526574963,"4.73308358897,-74.0526574963"
"4.73671536344, -74.052100793",65,4.73671536328,-74.052100793,"4.73671536328,-74.052100793"
"4.74233956131, -74.0423721318",53,4.74233956116,-74.0423721318,"4.74233956116,-74.0423721318"
"4.74468370603, -74.0270186828",55,4.74468370587,-74.0270186828,"4.74468370587,-74.0270186828"
"4.7404844943, -74.128069357",118,4.74048449415,-74.128069357,"4.74048449415,-74.128069357"
"4.75960172127, -74.0223691045",14,4.75960172111,-74.0223691045,"4.75960172111,-74.0223691045"
"4.76267997472, -74.0376437933",11,4.76267997456,-74.0376437933,"4.76267997456,-74.0376437933"
"4.75850099114, -74.0391374119",24,4.75850099098,-74.0391374119,"4.75850099098,-74.0391374119"
"4.57376104835, -74.0847606349",495,4.5737610482,-74.0847606349,"4.5737610482,-74.0847606349"
"4.56228364889, -74.0990121984",608,4.56228364874,-74.0990121984,"4.56228364874,-74.0990121984"
"4.56923223741, -74.1168449654",976,4.56923223726,-74.1168449654,"4.56923223726,-74.1168449654"
"4.62963325542, -74.0766245581",340,4.62963325527,-74.0766245581,"4.62963325527,-74.0766245581"
"4.65647841408, -74.1543813122",995,4.65647841392,-74.1543813122,"4.65647841392,-74.1543813122"
"4.64223209464, -74.104090475",997,4.64223209449,-74.104090475,"4.64223209449,-74.104090475"
"4.7351104959, -74.0646600234",838,4.73511049574,-74.0646600234,"4.73511049574,-74.0646600234"
"4.628280198, -74.0612798649",845,4.62828019785,-74.0612798649,"4.62828019785,-74.0612798649"
"4.64744041455, -74.0769656634",846,4.64744041439,-74.0769656634,"4.64744041439,-74.0769656634"
"4.73353978604, -74.0167792862",58,4.73353978588,-74.0167792862,"4.73353978588,-74.0167792862"
"4.69863148077, -74.1750933267",920,4.69863148061,-74.1750933267,"4.69863148061,-74.1750933267"
"4.15933500918, -74.3928242522",800,4.15933500904,-74.3928242522,"4.15933500904,-74.3928242522"
"4.61416101482, -74.207454823",947,4.61416101467,-74.207454823,"4.61416101467,-74.207454823"
"4.71960896133, -74.0365038679",75,4.71960896117,-74.0365038679,"4.71960896117,-74.0365038679"
"4.73002860132, -74.0363298776",72,4.73002860117,-74.0363298776,"4.73002860117,-74.0363298776"
"4.76732227358, -74.0895843127",34,4.76732227342,-74.0895843127,"4.76732227342,-74.0895843127"
"4.73267189139, -74.0425421656",62,4.73267189124,-74.0425421656,"4.73267189124,-74.0425421656"
"4.71468092623, -74.0857981418",102,4.71468092607,-74.0857981418,"4.71468092607,-74.0857981418"
"4.71346210616, -74.0560120413",89,4.713462106,-74.0560120413,"4.713462106,-74.0560120413"
"4.73729652701, -74.0700021489",44,4.73729652685,-74.0700021489,"4.73729652685,-74.0700021489"
"4.71163595676, -74.0617917947",91,4.7116359566,-74.0617917947,"4.7116359566,-74.0617917947"
"4.70561629883, -74.0597962444",140,4.70561629867,-74.0597962444,"4.70561629867,-74.0597962444"
"4.70093381122, -74.0461669734",852,4.70093381106,-74.0461669734,"4.70093381106,-74.0461669734"
"4.69307324286, -74.0618945462",142,4.69307324271,-74.0618945462,"4.69307324271,-74.0618945462"
"4.6831303994, -74.0611827895",167,4.68313039924,-74.0611827895,"4.68313039924,-74.0611827895"
"4.54294810566, -74.1613899136",721,4.54294810551,-74.1613899136,"4.54294810551,-74.1613899136"
"4.64057916823, -74.1884733253",553,4.64057916808,-74.1884733253,"4.64057916808,-74.1884733253"
"4.63163039235, -74.1757265902",530,4.6316303922,-74.1757265902,"4.6316303922,-74.1757265902"
"4.61016106031, -74.1823100195",565,4.61016106016,-74.1823100195,"4.61016106016,-74.1823100195"
"4.56976447758, -74.2203812818",781,4.56976447743,-74.2203812818,"4.56976447743,-74.2203812818"
"4.68095738208, -74.0350317436",158,4.68095738192,-74.0350317436,"4.68095738192,-74.0350317436"
"4.68179282978, -74.0281923934",157,4.68179282963,-74.0281923934,"4.68179282963,-74.0281923934"
"4.58884140497, -74.0701014621",482,4.58884140482,-74.0701014621,"4.58884140482,-74.0701014621"
"4.59881292534, -74.0722828756",458,4.59881292519,-74.0722828756,"4.59881292519,-74.0722828756"
"4.67042688023, -74.052410117",256,4.67042688008,-74.052410117,"4.67042688008,-74.052410117"
"4.56941382708, -74.0769026866",602,4.56941382693,-74.0769026866,"4.56941382693,-74.0769026866"
"4.56414628724, -74.068038537",604,4.56414628709,-74.068038537,"4.56414628709,-74.068038537"
"4.57602570434, -74.0814862505",494,4.57602570419,-74.0814862505,"4.57602570419,-74.0814862505"
"4.59490341367, -74.0902283817",446,4.59490341352,-74.0902283817,"4.59490341352,-74.0902283817"
"4.58495863019, -74.0912482517",449,4.58495863004,-74.0912482517,"4.58495863004,-74.0912482517"
"4.57880975154, -74.0881822585",467,4.57880975139,-74.0881822585,"4.57880975139,-74.0881822585"
"4.57544352365, -74.087979278",498,4.5754435235,-74.087979278,"4.5754435235,-74.087979278"
"4.59652662165, -74.0956931822",438,4.5965266215,-74.0956931822,"4.5965266215,-74.0956931822"
"4.60467424293, -74.0896999103",440,4.60467424278,-74.0896999103,"4.60467424278,-74.0896999103"
"4.58506402148, -74.1005468871",501,4.58506402133,-74.1005468871,"4.58506402133,-74.1005468871"
"4.56690998626, -74.1307643084",657,4.56690998611,-74.1307643084,"4.56690998611,-74.1307643084"
"4.57558132873, -74.1250807131",634,4.57558132858,-74.1250807131,"4.57558132858,-74.1250807131"
"4.56656608924, -74.1231440181",979,4.56656608909,-74.1231440181,"4.56656608909,-74.1231440181"
"4.58933111886, -74.1042498325",502,4.58933111871,-74.1042498325,"4.58933111871,-74.1042498325"
"4.55609444138, -74.1084483419",973,4.55609444123,-74.1084483419,"4.55609444123,-74.1084483419"
"4.59075051458, -74.112725033",582,4.59075051443,-74.112725033,"4.59075051443,-74.112725033"
"4.51821227226, -74.0922999684",700,4.51821227211,-74.0922999684,"4.51821227211,-74.0922999684"
"4.48612806214, -74.1078718075",759,4.48612806199,-74.1078718075,"4.48612806199,-74.1078718075"
"4.49615516089, -74.092979902",746,4.49615516074,-74.092979902,"4.49615516074,-74.092979902"
"4.50224302966, -74.1340706757",738,4.50224302951,-74.1340706757,"4.50224302951,-74.1340706757"
"4.5206688362, -74.1250872583",737,4.52066883605,-74.1250872583,"4.52066883605,-74.1250872583"
"4.54413958933, -74.0988428004",686,4.54413958918,-74.0988428004,"4.54413958918,-74.0988428004"
"4.51189310116, -74.1183752273",740,4.51189310101,-74.1183752273,"4.51189310101,-74.1183752273"
"4.53964661124, -74.0927110156",689,4.53964661109,-74.0927110156,"4.53964661109,-74.0927110156"
"4.6804563983, -74.1390334757",314,4.68045639815,-74.1390334757,"4.68045639815,-74.1390334757"
"4.62169397413, -74.061957782",343,4.62169397398,-74.061957782,"4.62169397398,-74.061957782"
"4.64212104584, -74.1169227474",325,4.64212104569,-74.1169227474,"4.64212104569,-74.1169227474"
"4.62754239889, -74.1321067977",421,4.62754239874,-74.1321067977,"4.62754239874,-74.1321067977"
"4.62928283708, -74.1435045978",419,4.62928283693,-74.1435045978,"4.62928283693,-74.1435045978"
"4.64712709396, -74.0907974017",295,4.64712709381,-74.0907974017,"4.64712709381,-74.0907974017"
"4.62171382293, -74.1289119086",422,4.62171382278,-74.1289119086,"4.62171382278,-74.1289119086"
"4.60734725556, -74.1113364334",428,4.60734725541,-74.1113364334,"4.60734725541,-74.1113364334"
"4.62156131762, -74.1159655591",378,4.62156131747,-74.1159655591,"4.62156131747,-74.1159655591"
"4.6217917596, -74.1528000967",523,4.62179175945,-74.1528000967,"4.62179175945,-74.1528000967"
"4.63886324425, -74.161455076",411,4.6388632441,-74.161455076,"4.6388632441,-74.161455076"
"4.67262409581, -74.1483451327",399,4.67262409566,-74.1483451327,"4.67262409566,-74.1483451327"
"4.61685195785, -74.0675039829",351,4.6168519577,-74.0675039829,"4.6168519577,-74.0675039829"
"4.61503485979, -74.0869528866",363,4.61503485964,-74.0869528866,"4.61503485964,-74.0869528866"
"4.63127864556, -74.0871096775",335,4.63127864541,-74.0871096775,"4.63127864541,-74.0871096775"
"4.66287248132, -74.101789746",299,4.66287248116,-74.101789746,"4.66287248116,-74.101789746"
"4.68703526547, -74.0799430323",177,4.68703526531,-74.0799430323,"4.68703526531,-74.0799430323"
"4.69146556556, -74.0742791772",136,4.69146556541,-74.0742791772,"4.69146556541,-74.0742791772"
"4.70783336257, -74.0919963635",128,4.70783336242,-74.0919963635,"4.70783336242,-74.0919963635"
"4.67138513612, -74.0572873768",163,4.67138513597,-74.0572873768,"4.67138513597,-74.0572873768"
"4.64564592046, -74.0478655061",249,4.64564592031,-74.0478655061,"4.64564592031,-74.0478655061"
"4.67013270056, -74.0379020924",162,4.67013270041,-74.0379020924,"4.67013270041,-74.0379020924"
"4.77496123533, -74.0524729467",8,4.77496123517,-74.0524729467,"4.77496123517,-74.0524729467"
"4.797356574, -74.0463086974",958,4.79735657384,-74.0463086974,"4.79735657384,-74.0463086974"
"4.79623823541, -74.0366313018",959,4.79623823525,-74.0366313018,"4.79623823525,-74.0366313018"
"4.7583903073, -74.0341556175",23,4.75839030714,-74.0341556175,"4.75839030714,-74.0341556175"
"4.75946620741, -74.0288195354",15,4.75946620726,-74.0288195354,"4.75946620726,-74.0288195354"
"4.75319709287, -74.0446776434",26,4.75319709271,-74.0446776434,"4.75319709271,-74.0446776434"
,817,5.00914980887,-73.8727435271,"5.00914980887,-73.8727435271"
"4.55968712889, -74.1507050343",940,4.55968712874,-74.1507050343,"4.55968712874,-74.1507050343"
"4.58962859386, -74.1688616785",943,4.5896285937,-74.1688616785,"4.5896285937,-74.1688616785"
"4.59278088445, -74.1659246583",944,4.5927808843,-74.1659246583,"4.5927808843,-74.1659246583"
"4.59377112151, -74.1747054913",571,4.59377112136,-74.1747054913,"4.59377112136,-74.1747054913"
"4.64256016396, -74.1809746526",949,4.6425601638,-74.1809746526,"4.6425601638,-74.1809746526"
"4.62708070866, -74.1247181597",383,4.6270807085,-74.1247181597,"4.6270807085,-74.1247181597"
"4.53731913394, -74.1183471142",980,4.5373191338,-74.1183471142,"4.5373191338,-74.1183471142"
"4.68186818757, -74.0509313271",166,4.68186818742,-74.0509313271,"4.68186818742,-74.0509313271"
"4.70258195622, -74.0519560654",146,4.70258195607,-74.0519560654,"4.70258195607,-74.0519560654"
"4.76697446834, -74.0418868103",10,4.76697446818,-74.0418868103,"4.76697446818,-74.0418868103"
"4.77377354447, -74.0412611539",7,4.77377354431,-74.0412611539,"4.77377354431,-74.0412611539"
"4.81936741746, -74.0657895873",2,4.81936741731,-74.0657895873,"4.81936741731,-74.0657895873"
"4.91716751131, -74.0970440877",908,4.91716751115,-74.0970440877,"4.91716751115,-74.0970440877"
"4.80904969709, -74.102596414",906,4.80904969693,-74.102596414,"4.80904969693,-74.102596414"
"4.63593520501, -74.1670251534",415,4.63593520486,-74.1670251534,"4.63593520486,-74.1670251534"
"4.62583059661, -74.1649046902",527,4.62583059646,-74.1649046902,"4.62583059646,-74.1649046902"
"4.68580299465, -74.1452477602",312,4.68580299449,-74.1452477602,"4.68580299449,-74.1452477602"
"4.63314010088, -74.1534380555",409,4.63314010073,-74.1534380555,"4.63314010073,-74.1534380555"
"4.66967367558, -74.1313522941",954,4.66967367542,-74.1313522941,"4.66967367542,-74.1313522941"
"4.67291052895, -74.1090892104",301,4.6729105288,-74.1090892104,"4.6729105288,-74.1090892104"
"4.65738521193, -74.0711100225",230,4.65738521178,-74.0711100225,"4.65738521178,-74.0711100225"
"4.64456809243, -74.0634609853",275,4.64456809228,-74.0634609853,"4.64456809228,-74.0634609853"
"4.64246455465, -74.0748921769",286,4.6424645545,-74.0748921769,"4.6424645545,-74.0748921769"
"4.66525931934, -74.0813680358",218,4.66525931918,-74.0813680358,"4.66525931918,-74.0813680358"
"4.60791249936, -74.1238277351",425,4.60791249921,-74.1238277351,"4.60791249921,-74.1238277351"
"4.61461717437, -74.1314898332",423,4.61461717422,-74.1314898332,"4.61461717422,-74.1314898332"
"4.59919948073, -74.1336135696",513,4.59919948058,-74.1336135696,"4.59919948058,-74.1336135696"
"4.63057455527, -74.1021145723",329,4.63057455512,-74.1021145723,"4.63057455512,-74.1021145723"
"4.62127512127, -74.1125907428",376,4.62127512112,-74.1125907428,"4.62127512112,-74.1125907428"
"4.60132721102, -74.1172728273",507,4.60132721087,-74.1172728273,"4.60132721087,-74.1172728273"
"4.62289988199, -74.1180368301",379,4.62289988183,-74.1180368301,"4.62289988183,-74.1180368301"
"4.59743732336, -74.1212476332",509,4.59743732321,-74.1212476332,"4.59743732321,-74.1212476332"
"4.60799112956, -74.1667251442",535,4.60799112941,-74.1667251442,"4.60799112941,-74.1667251442"
"4.61524329399, -74.1547606245",524,4.61524329384,-74.1547606245,"4.61524329384,-74.1547606245"
"4.66941950801, -74.1619284204",401,4.66941950786,-74.1619284204,"4.66941950786,-74.1619284204"
"4.67548508306, -74.1442070626",313,4.67548508291,-74.1442070626,"4.67548508291,-74.1442070626"
"4.59432706786, -74.1148124847",518,4.59432706771,-74.1148124847,"4.59432706771,-74.1148124847"
"4.6954007503, -74.0777205684",135,4.69540075014,-74.0777205684,"4.69540075014,-74.0777205684"
"4.6898286099, -74.0903631298",180,4.68982860975,-74.0903631298,"4.68982860975,-74.0903631298"
"4.65585688897, -74.088591323",296,4.65585688881,-74.088591323,"4.65585688881,-74.088591323"
"4.65335699706, -74.0734412245",229,4.65335699691,-74.0734412245,"4.65335699691,-74.0734412245"
"4.69155607288, -74.0682970655",137,4.69155607272,-74.0682970655,"4.69155607272,-74.0682970655"
"4.76651355559, -74.0659607822",855,4.76651355544,-74.0659607822,"4.76651355544,-74.0659607822"
"4.7891438804, -74.0322078307",5,4.78914388024,-74.0322078307,"4.78914388024,-74.0322078307"
"4.76652650414, -74.0501688179",9,4.76652650398,-74.0501688179,"4.76652650398,-74.0501688179"
"4.75027377511, -74.0501281438",49,4.75027377495,-74.0501281438,"4.75027377495,-74.0501281438"
"4.75426107908, -74.0278600773",17,4.75426107893,-74.0278600773,"4.75426107893,-74.0278600773"
"4.73208099901, -74.1074855373",113,4.73208099886,-74.1074855373,"4.73208099886,-74.1074855373"
"4.7647388509, -74.0292591333",12,4.76473885074,-74.0292591333,"4.76473885074,-74.0292591333"
"4.60410689685, -74.1517152434",948,4.6041068967,-74.1517152434,"4.6041068967,-74.1517152434"
"4.62105800787, -74.135085864",951,4.62105800772,-74.135085864,"4.62105800772,-74.135085864"
"4.62868313403, -74.0929484393",844,4.62868313387,-74.0929484393,"4.62868313387,-74.0929484393"
"4.57546423085, -74.1112167768",981,4.5754642307,-74.1112167768,"4.5754642307,-74.1112167768"
"4.6068385272, -74.0688872136",354,4.60683852705,-74.0688872136,"4.60683852705,-74.0688872136"
"4.65974948733, -74.1452885207",393,4.65974948717,-74.1452885207,"4.65974948717,-74.1452885207"
"4.67807376718, -74.124062146",306,4.67807376703,-74.124062146,"4.67807376703,-74.124062146"
"4.74527798524, -74.0789545294",42,4.74527798508,-74.0789545294,"4.74527798508,-74.0789545294"
"4.72368940838, -74.069573682",94,4.72368940823,-74.069573682,"4.72368940823,-74.069573682"
"4.66050265453, -74.0594045708",247,4.66050265437,-74.0594045708,"4.66050265437,-74.0594045708"
"4.78550579616, -74.0487992106",4,4.78550579601,-74.0487992106,"4.78550579601,-74.0487992106"
"4.73729004237, -74.3444134939",903,4.73729004222,-74.3444134939,"4.73729004222,-74.3444134939"
"4.99153265903, -73.8721033574",911,4.99153265887,-73.8721033574,"4.99153265887,-73.8721033574"
"4.86525582396, -74.0278183545",794,4.8652558238,-74.0278183545,"4.8652558238,-74.0278183545"
"5.0255826685, -73.9963187736",910,5.02558266834,-73.9963187736,"5.02558266834,-73.9963187736"
,790,4.5860750467,-74.263177502,"4.5860750467,-74.263177502"
"4.59364984987, -74.2233103373",933,4.59364984972,-74.2233103373,"4.59364984972,-74.2233103373"
"4.53840228966, -73.8482481025",809,4.53840228951,-73.8482481025,"4.53840228951,-73.8482481025"
,795,4.61047292915,-74.0384807451,"4.61047292915,-74.0384807451"
"4.74947284062, -74.0220233407",20,4.74947284047,-74.0220233407,"4.74947284047,-74.0220233407"
"4.75083988561, -74.0203276088",19,4.75083988546,-74.0203276088,"4.75083988546,-74.0203276088"
"4.71930068853, -74.0220773428",84,4.71930068838,-74.0220773428,"4.71930068838,-74.0220773428"
"4.7469173668, -74.2002297517",792,4.74691736664,-74.2002297517,"4.74691736664,-74.2002297517"
"4.70872734906, -74.0269381826",85,4.70872734891,-74.0269381826,"4.70872734891,-74.0269381826"
"4.72158679967, -74.140872638",193,4.72158679951,-74.140872638,"4.72158679951,-74.140872638"
"4.72249530809, -74.0368821467",74,4.72249530794,-74.0368821467,"4.72249530794,-74.0368821467"
"4.7252789697, -74.0367730675",73,4.72527896955,-74.0367730675,"4.72527896955,-74.0367730675"
"4.71098573521, -74.1179142392",188,4.71098573506,-74.1179142392,"4.71098573506,-74.1179142392"
"4.77939265917, -74.1048453702",35,4.77939265901,-74.1048453702,"4.77939265901,-74.1048453702"
"4.75521688813, -74.070126673",30,4.75521688797,-74.070126673,"4.75521688797,-74.070126673"
"4.75499747496, -74.0968906378",39,4.75499747481,-74.0968906378,"4.75499747481,-74.0968906378"
"4.71221172479, -74.0504494024",88,4.71221172463,-74.0504494024,"4.71221172463,-74.0504494024"
"4.71380722332, -74.102209078",122,4.71380722317,-74.102209078,"4.71380722317,-74.102209078"
"4.72013397613, -74.0869905822",101,4.72013397597,-74.0869905822,"4.72013397597,-74.0869905822"
"4.69875824238, -74.098256183",184,4.69875824222,-74.098256183,"4.69875824222,-74.098256183"
"4.68921603796, -74.0368754066",152,4.6892160378,-74.0368754066,"4.6892160378,-74.0368754066"
"4.45735196567, -74.133055678",764,4.45735196553,-74.133055678,"4.45735196553,-74.133055678"
"4.47479778074, -74.1144003345",763,4.47479778059,-74.1144003345,"4.47479778059,-74.1144003345"
"4.5651480582, -74.1827974441",770,4.56514805806,-74.1827974441,"4.56514805806,-74.1827974441"
"4.55593592645, -74.1550385954",713,4.5559359263,-74.1550385954,"4.5559359263,-74.1550385954"
"4.56217648301, -74.1544911801",671,4.56217648286,-74.1544911801,"4.56217648286,-74.1544911801"
"4.59216287345, -74.1795271154",945,4.5921628733,-74.1795271154,"4.5921628733,-74.1795271154"
"4.60683466084, -74.1884912177",567,4.60683466069,-74.1884912177,"4.60683466069,-74.1884912177"
"4.61181237666, -74.1911501938",566,4.61181237651,-74.1911501938,"4.61181237651,-74.1911501938"
"4.56891959149, -74.2444311311",787,4.56891959134,-74.2444311311,"4.56891959134,-74.2444311311"
"4.58636187421, -74.2285868755",783,4.58636187406,-74.2285868755,"4.58636187406,-74.2285868755"
"4.57306882962, -74.2102778716",780,4.57306882947,-74.2102778716,"4.57306882947,-74.2102778716"
"4.57841016827, -74.2125784864",779,4.57841016812,-74.2125784864,"4.57841016812,-74.2125784864"
"4.63379469207, -74.2017125722",557,4.63379469191,-74.2017125722,"4.63379469191,-74.2017125722"
"4.67306241575, -74.039730861",265,4.67306241559,-74.039730861,"4.67306241559,-74.039730861"
"4.6624784244, -74.0524066451",245,4.66247842424,-74.0524066451,"4.66247842424,-74.0524066451"
"4.59705885158, -74.0690770739",476,4.59705885143,-74.0690770739,"4.59705885143,-74.0690770739"
"4.66779083819, -74.0539709856",242,4.66779083803,-74.0539709856,"4.66779083803,-74.0539709856"
"4.59575933892, -74.0766955817",459,4.59575933877,-74.0766955817,"4.59575933877,-74.0766955817"
"4.58503250251, -74.0764420805",472,4.58503250236,-74.0764420805,"4.58503250236,-74.0764420805"
"4.57538136914, -74.0766446412",492,4.57538136899,-74.0766446412,"4.57538136899,-74.0766446412"
"4.58783795456, -74.0803513983",462,4.58783795441,-74.0803513983,"4.58783795441,-74.0803513983"
"4.56392092018, -74.1449107933",661,4.56392092003,-74.1449107933,"4.56392092003,-74.1449107933"
"4.55965070644, -74.1453892097",672,4.55965070629,-74.1453892097,"4.55965070629,-74.1453892097"
"4.60610568473, -74.0807023502",442,4.60610568458,-74.0807023502,"4.60610568458,-74.0807023502"
"4.60704115254, -74.1023633885",432,4.60704115239,-74.1023633885,"4.60704115239,-74.1023633885"
"4.57680532697, -74.1453923306",619,4.57680532682,-74.1453923306,"4.57680532682,-74.1453923306"
"4.57184365096, -74.1343804785",632,4.57184365081,-74.1343804785,"4.57184365081,-74.1343804785"
"4.56043614842, -74.1366233339",675,4.56043614827,-74.1366233339,"4.56043614827,-74.1366233339"
"4.55040358665, -74.1383953834",709,4.5504035865,-74.1383953834,"4.5504035865,-74.1383953834"
"4.60508612214, -74.107698282",430,4.60508612199,-74.107698282,"4.60508612199,-74.107698282"
"4.56546464387, -74.1084888204",638,4.56546464372,-74.1084888204,"4.56546464372,-74.1084888204"
"4.58006399453, -74.113311814",982,4.58006399438,-74.113311814,"4.58006399438,-74.113311814"
"4.58115494325, -74.1357581783",617,4.5811549431,-74.1357581783,"4.5811549431,-74.1357581783"
"4.5212285321, -74.0901522021",694,4.52122853195,-74.0901522021,"4.52122853195,-74.0901522021"
"4.54429281748, -74.0773265699",647,4.54429281733,-74.0773265699,"4.54429281733,-74.0773265699"
"4.47925421272, -74.0970099731",762,4.47925421257,-74.0970099731,"4.47925421257,-74.0970099731"
"4.53648891147, -74.0872448648",691,4.53648891132,-74.0872448648,"4.53648891132,-74.0872448648"
"4.54391372407, -74.1150962225",681,4.54391372393,-74.1150962225,"4.54391372393,-74.1150962225"
"4.53906690771, -74.1274086916",705,4.53906690756,-74.1274086916,"4.53906690756,-74.1274086916"
"4.56123447756, -74.0927828286",606,4.56123447741,-74.0927828286,"4.56123447741,-74.0927828286"
"4.53590175741, -74.1480382769",723,4.53590175726,-74.1480382769,"4.53590175726,-74.1480382769"
"4.53330340802, -74.152986279",722,4.53330340788,-74.152986279,"4.53330340788,-74.152986279"
"4.54282985618, -74.1372509837",728,4.54282985603,-74.1372509837,"4.54282985603,-74.1372509837"
"4.51085010128, -74.1127384624",742,4.51085010113,-74.1127384624,"4.51085010113,-74.1127384624"
"4.56500050649, -74.0912689767",597,4.56500050634,-74.0912689767,"4.56500050634,-74.0912689767"
"4.56656916466, -74.08942131",596,4.56656916451,-74.08942131,"4.56656916451,-74.08942131"
"4.75194841455, -73.6280737682",823,4.75194841439,-73.6280737682,"4.75194841439,-73.6280737682"
,815,5.04472836059,-74.0234013828,"5.04472836059,-74.0234013828"
"4.48591051412, -74.2073288078",798,4.48591051397,-74.2073288078,"4.48591051397,-74.2073288078"
"4.50126011529, -74.1587993858",797,4.50126011515,-74.1587993858,"4.50126011515,-74.1587993858"
"4.7320460852, -74.0213791412",854,4.73204608504,-74.0213791412,"4.73204608504,-74.0213791412"
"4.75480206168, -74.0224670646",18,4.75480206153,-74.0224670646,"4.75480206153,-74.0224670646"
"4.60344803069, -74.2003537673",569,4.60344803054,-74.2003537673,"4.60344803054,-74.2003537673"
"4.60991805069, -74.2094367414",570,4.60991805054,-74.2094367414,"4.60991805054,-74.2094367414"
"4.70123807991, -74.1656087348",308,4.70123807976,-74.1656087348,"4.70123807976,-74.1656087348"
"4.71652467586, -74.0380729214",76,4.7165246757,-74.0380729214,"4.7165246757,-74.0380729214"
"4.70972201594, -74.0409449332",87,4.70972201578,-74.0409449332,"4.70972201578,-74.0409449332"
"4.75646348113, -74.1029424234",38,4.75646348097,-74.1029424234,"4.75646348097,-74.1029424234"
"4.75037180697, -74.0799339101",840,4.75037180682,-74.0799339101,"4.75037180682,-74.0799339101"
"4.73880954703, -74.0808197335",836,4.73880954688,-74.0808197335,"4.73880954688,-74.0808197335"
"4.73120802234, -74.0840481881",99,4.73120802218,-74.0840481881,"4.73120802218,-74.0840481881"
"4.7377799357, -74.0931798571",107,4.73777993554,-74.0931798571,"4.73777993554,-74.0931798571"
"4.7468750577, -74.0892071116",41,4.74687505755,-74.0892071116,"4.74687505755,-74.0892071116"
"4.73859890426, -74.0432388968",51,4.7385989041,-74.0432388968,"4.7385989041,-74.0432388968"
"4.73019209605, -74.0930033589",105,4.73019209589,-74.0930033589,"4.73019209589,-74.0930033589"
"4.72241125949, -74.0548377348",68,4.72241125933,-74.0548377348,"4.72241125933,-74.0548377348"
"4.72862002979, -74.0568455966",67,4.72862002963,-74.0568455966,"4.72862002963,-74.0568455966"
"4.69688170708, -74.1027881756",183,4.69688170692,-74.1027881756,"4.69688170692,-74.1027881756"
"4.70646239817, -74.0868579854",127,4.70646239801,-74.0868579854,"4.70646239801,-74.0868579854"
"4.69577847017, -74.0660537227",138,4.69577847002,-74.0660537227,"4.69577847002,-74.0660537227"
"4.69190413331, -74.0587064099",143,4.69190413316,-74.0587064099,"4.69190413316,-74.0587064099"
"4.57835477352, -74.1989082777",776,4.57835477337,-74.1989082777,"4.57835477337,-74.1989082777"
"4.59389302535, -74.2076557761",774,4.5938930252,-74.2076557761,"4.5938930252,-74.2076557761"
"4.6029589822, -74.1877892463",568,4.60295898205,-74.1877892463,"4.60295898205,-74.1877892463"
"4.55916113531, -74.2397387798",788,4.55916113516,-74.2397387798,"4.55916113516,-74.2397387798"
"4.6676484311, -74.0437153895",264,4.66764843095,-74.0437153895,"4.66764843095,-74.0437153895"
"4.64724142898, -74.0510481049",250,4.64724142883,-74.0510481049,"4.64724142883,-74.0510481049"
"4.60097651278, -74.0656550972",477,4.60097651263,-74.0656550972,"4.60097651263,-74.0656550972"
"4.66543626342, -74.0494695347",243,4.66543626327,-74.0494695347,"4.66543626327,-74.0494695347"
"4.59556763837, -74.0665187715",480,4.59556763822,-74.0665187715,"4.59556763822,-74.0665187715"
"4.60240900367, -74.0707941732",456,4.60240900352,-74.0707941732,"4.60240900352,-74.0707941732"
"4.60836884451, -74.0717383508",993,4.60836884436,-74.0717383508,"4.60836884436,-74.0717383508"
"4.58367202449, -74.0712256573",486,4.58367202434,-74.0712256573,"4.58367202434,-74.0712256573"
"4.67332646421, -74.0508869828",257,4.67332646405,-74.0508869828,"4.67332646405,-74.0508869828"
"4.58775571821, -74.0728809913",473,4.58775571806,-74.0728809913,"4.58775571806,-74.0728809913"
"4.59226663524, -74.0776639132",460,4.59226663508,-74.0776639132,"4.59226663508,-74.0776639132"
"4.59121471736, -74.0726657126",474,4.59121471721,-74.0726657126,"4.59121471721,-74.0726657126"
"4.66727111008, -74.0636170584",224,4.66727110993,-74.0636170584,"4.66727110993,-74.0636170584"
"4.57971439587, -74.0791629824",471,4.57971439572,-74.0791629824,"4.57971439572,-74.0791629824"
"4.59870982054, -74.0810332573",453,4.59870982039,-74.0810332573,"4.59870982039,-74.0810332573"
"4.60318566869, -74.0837458465",443,4.60318566854,-74.0837458465,"4.60318566854,-74.0837458465"
"4.6046053808, -74.0770809876",454,4.60460538065,-74.0770809876,"4.60460538065,-74.0770809876"
"4.58311269956, -74.081555893",465,4.58311269941,-74.081555893,"4.58311269941,-74.081555893"
"4.58459904718, -74.1648847686",621,4.58459904703,-74.1648847686,"4.58459904703,-74.1648847686"
"4.57776406773, -74.1573620084",963,4.57776406758,-74.1573620084,"4.57776406758,-74.1573620084"
"4.56953267426, -74.1501256368",662,4.56953267411,-74.1501256368,"4.56953267411,-74.1501256368"
"4.5564671114, -74.1500912044",712,4.55646711125,-74.1500912044,"4.55646711125,-74.1500912044"
"4.57252056417, -74.0898895589",497,4.57252056402,-74.0898895589,"4.57252056402,-74.0898895589"
"4.57815719058, -74.1530860393",627,4.57815719043,-74.1530860393,"4.57815719043,-74.1530860393"
"4.58742472334, -74.0892954683",450,4.58742472319,-74.0892954683,"4.58742472319,-74.0892954683"
"4.58172560018, -74.1405226807",618,4.58172560002,-74.1405226807,"4.58172560002,-74.1405226807"
"4.59990986138, -74.0994720045",435,4.59990986123,-74.0994720045,"4.59990986123,-74.0994720045"
"4.57142684352, -74.1222985066",977,4.57142684337,-74.1222985066,"4.57142684337,-74.1222985066"
"4.57917567667, -74.1163386344",612,4.57917567652,-74.1163386344,"4.57917567652,-74.1163386344"
"4.58697864126, -74.1381996082",576,4.58697864111,-74.1381996082,"4.58697864111,-74.1381996082"
"4.57046856291, -74.0962516659",593,4.57046856276,-74.0962516659,"4.57046856276,-74.0962516659"
"4.54229969993, -74.0857250607",690,4.54229969978,-74.0857250607,"4.54229969978,-74.0857250607"
"4.49577096471, -74.0986083332",750,4.49577096456,-74.0986083332,"4.49577096456,-74.0986083332"
"4.5463452474, -74.1076918544",682,4.54634524725,-74.1076918544,"4.54634524725,-74.1076918544"
"4.53693942595, -74.1344583307",729,4.5369394258,-74.1344583307,"4.5369394258,-74.1344583307"
"4.54734043666, -74.1452057979",717,4.54734043651,-74.1452057979,"4.54734043651,-74.1452057979"
"4.54539741222, -74.0809929686",648,4.54539741207,-74.0809929686,"4.54539741207,-74.0809929686"
"4.66543807807, -74.1522942701",398,4.66543807792,-74.1522942701,"4.66543807792,-74.1522942701"
"4.68172004219, -74.1500275601",311,4.68172004204,-74.1500275601,"4.68172004204,-74.1500275601"
"4.65958584418, -74.0664050151",235,4.65958584402,-74.0664050151,"4.65958584402,-74.0664050151"
"4.64054798532, -74.1431525353",390,4.64054798517,-74.1431525353,"4.64054798517,-74.1431525353"
"4.660963284, -74.1208019689",321,4.66096328385,-74.1208019689,"4.66096328385,-74.1208019689"
"4.63891293714, -74.0572829663",267,4.63891293699,-74.0572829663,"4.63891293699,-74.0572829663"
"4.63489738612, -74.0718818147",279,4.63489738597,-74.0718818147,"4.63489738597,-74.0718818147"
"4.63498666522, -74.0618985905",272,4.63498666507,-74.0618985905,"4.63498666507,-74.0618985905"
"4.64187730207, -74.1265875061",953,4.64187730191,-74.1265875061,"4.64187730191,-74.1265875061"
"4.63853601911, -74.1114210823",326,4.63853601896,-74.1114210823,"4.63853601896,-74.1114210823"
"4.66837226963, -74.0708821769",225,4.66837226947,-74.0708821769,"4.66837226947,-74.0708821769"
"4.62459941755, -74.0676344385",342,4.6245994174,-74.0676344385,"4.6245994174,-74.0676344385"
"4.62597843388, -74.1212408087",381,4.62597843373,-74.1212408087,"4.62597843373,-74.1212408087"
"4.62420021272, -74.1011476261",368,4.62420021257,-74.1011476261,"4.62420021257,-74.1011476261"
"4.62005431494, -74.1094603088",374,4.62005431479,-74.1094603088,"4.62005431479,-74.1094603088"
"4.61249377775, -74.0976020674",371,4.61249377759,-74.0976020674,"4.61249377759,-74.0976020674"
"4.61466032422, -74.1089810282",373,4.61466032407,-74.1089810282,"4.61466032407,-74.1089810282"
"4.60096540757, -74.1589021066",542,4.60096540742,-74.1589021066,"4.60096540742,-74.1589021066"
"4.59724205086, -74.1544513303",541,4.59724205071,-74.1544513303,"4.59724205071,-74.1544513303"
"4.63474868756, -74.057862927",284,4.63474868741,-74.057862927,"4.63474868741,-74.057862927"
"4.62047013581, -74.082706898",360,4.62047013566,-74.082706898,"4.62047013566,-74.082706898"
"4.61028374014, -74.0831051098",362,4.61028373999,-74.0831051098,"4.61028373999,-74.0831051098"
"4.68290044866, -74.0657116811",171,4.6829004485,-74.0657116811,"4.6829004485,-74.0657116811"
"4.6813037516, -74.1026833028",206,4.68130375145,-74.1026833028,"4.68130375145,-74.1026833028"
"4.6996013598, -74.0774905302",134,4.69960135965,-74.0774905302,"4.69960135965,-74.0774905302"
"4.68026998241, -74.072159386",170,4.68026998225,-74.072159386,"4.68026998225,-74.072159386"
"4.67940917435, -74.0922219087",841,4.67940917419,-74.0922219087,"4.67940917419,-74.0922219087"
"4.69188226378, -74.1053039095",202,4.69188226363,-74.1053039095,"4.69188226363,-74.1053039095"
"4.70081661278, -74.0943357418",130,4.70081661262,-74.0943357418,"4.70081661262,-74.0943357418"
"4.75262926857, -74.0343155845",22,4.75262926841,-74.0343155845,"4.75262926841,-74.0343155845"
"4.73096818619, -74.0279518803",60,4.73096818603,-74.0279518803,"4.73096818603,-74.0279518803"
"4.74581311706, -74.1257236772",117,4.7458131169,-74.1257236772,"4.7458131169,-74.1257236772"
"4.7379936356, -74.1111974927",114,4.73799363545,-74.1111974927,"4.73799363545,-74.1111974927"
"4.74706032877, -74.1027631197",110,4.74706032861,-74.1027631197,"4.74706032861,-74.1027631197"
"4.73479254937, -74.0925366495",106,4.73479254921,-74.0925366495,"4.73479254921,-74.0925366495"
"4.72671955137, -74.0287549713",77,4.72671955121,-74.0287549713,"4.72671955121,-74.0287549713"
"4.58738656283, -74.1481609849",942,4.58738656268,-74.1481609849,"4.58738656268,-74.1481609849"
"4.50476904627, -74.1091487414",752,4.50476904612,-74.1091487414,"4.50476904612,-74.1091487414"
"4.55363055257, -74.0954018546",641,4.55363055242,-74.0954018546,"4.55363055242,-74.0954018546"
"4.55245452771, -74.1141306846",653,4.55245452756,-74.1141306846,"4.55245452756,-74.1141306846"
"4.56306332633, -74.1212897937",978,4.56306332618,-74.1212897937,"4.56306332618,-74.1212897937"
"4.58533695553, -74.115476569",983,4.58533695537,-74.115476569,"4.58533695537,-74.115476569"
"4.59263366408, -74.1173100181",984,4.59263366393,-74.1173100181,"4.59263366393,-74.1173100181"
"4.65131994205, -74.140440232",990,4.6513199419,-74.140440232,"4.6513199419,-74.140440232"
"4.72163829939, -73.9687341719",914,4.72163829924,-73.9687341719,"4.72163829924,-73.9687341719"
"4.70051251518, -74.2130265983",938,4.70051251503,-74.2130265983,"4.70051251503,-74.2130265983"
"4.71648368524, -74.2099536468",901,4.71648368508,-74.2099536468,"4.71648368508,-74.2099536468"
"4.75576557219, -74.1772932292",925,4.75576557204,-74.1772932292,"4.75576557204,-74.1772932292"
"4.7391757356, -74.1650976469",924,4.73917573544,-74.1650976469,"4.73917573544,-74.1650976469"
"4.73558220812, -74.2572612766",918,4.73558220796,-74.2572612766,"4.73558220796,-74.2572612766"
